matrix,social_variable,test_type,expected_direction,n_speakers,n_pairs,n_within_pairs,n_between_pairs,correlation,mean_within_overlap,mean_between_overlap,within_minus_between,p_two_sided,p_expected_direction,q_global_two_sided,q_global_expected_direction,q_within_variable
/a/,Same gender,Same-category Pearson QAP,positive,43,903,573.0,330.0,0.39813298028048477,0.38687357225213165,0.24165598914365877,0.14521758310847288,9.999000099990002e-05,9.999000099990002e-05,0.0009332400093324001,0.0009332400093324001,0.00023331000233310002
All vowels,Same gender,Same-category Pearson QAP,positive,43,903,573.0,330.0,0.40074587787996724,0.4356656624085512,0.329556836388215,0.10610882602033622,9.999000099990002e-05,9.999000099990002e-05,0.0009332400093324001,0.0009332400093324001,0.00023331000233310002
All except /u/,Same gender,Same-category Pearson QAP,positive,43,903,573.0,330.0,0.4199395381236937,0.423027973812249,0.3039268675196746,0.11910110629257437,9.999000099990002e-05,9.999000099990002e-05,0.0009332400093324001,0.0009332400093324001,0.00023331000233310002
/o/,Same gender,Same-category Pearson QAP,positive,43,903,573.0,330.0,0.33125749309714536,0.42168843569347786,0.32017510818938416,0.1015133275040937,0.00029997000299970003,0.00029997000299970003,0.0020997900209979003,0.0020997900209979003,0.0005249475052494751
/i/,Same gender,Same-category Pearson QAP,positive,43,903,573.0,330.0,0.32540028904967355,0.48923799650415284,0.3707305520772934,0.11850744442685945,0.0004999500049995,0.0004999500049995,0.0027997200279972004,0.0027997200279972004,0.0006999300069993001
/e/,Same gender,Same-category Pearson QAP,positive,43,903,573.0,330.0,0.31697291568952035,0.3943118907992336,0.2831458206683623,0.11116607013087132,0.0005999400059994001,0.0005999400059994001,0.0027997200279972004,0.0027997200279972004,0.0006999300069993001
/i/,Income distance,Ordinal-distance Spearman QAP,positive,43,903,,,0.15415100157353717,,,,0.0117988201179882,0.010998900109989001,0.04584541545845416,0.041995800419958006,0.0825917408259174
/u/,Same gender,Same-category Pearson QAP,positive,43,903,573.0,330.0,0.20026224862813066,0.48621641679376,0.43207671186237623,0.05413970493138376,0.013098690130986902,0.011998800119988001,0.04584541545845416,0.041995800419958006,0.013098690130986902
/i/,Same income category,Same-category Pearson QAP,positive,43,903,236.0,667.0,0.08658962293883671,0.4714594034446498,0.4368966041520975,0.03456279929255229,0.016798320167983202,0.016798320167983202,0.05226144052261441,0.05226144052261441,0.11758824117588242
All vowels,Same income category,Same-category Pearson QAP,positive,43,903,236.0,667.0,0.05211639953295925,0.40805981987929446,0.39293562680164507,0.015124193077649395,0.1255874412558744,0.08159184081591841,0.3137552911375529,0.1941139219411392,0.29490384294903843
All except /u/,Same income category,Same-category Pearson QAP,positive,43,903,236.0,667.0,0.05139906348436179,0.3913041653656164,0.37532700487200277,0.01597716049361364,0.12638736126387362,0.07979202079792021,0.3137552911375529,0.1941139219411392,0.29490384294903843
All except /u/,Income distance,Ordinal-distance Spearman QAP,positive,43,903,,,0.08173841242416827,,,,0.1501849815018498,0.0831916808319168,0.3137552911375529,0.1941139219411392,0.37096290370962903
/u/,Same nationality,Same-category Pearson QAP,positive,41,820,191.0,629.0,-0.0834104990707063,0.44167163492185285,0.467638966981292,-0.02596733205943913,0.16468353164683533,0.923007699230077,0.3137552911375529,0.9313068693130687,0.3254674532546745
All vowels,Same nationality,Same-category Pearson QAP,positive,41,820,191.0,629.0,-0.08229348649271796,0.374549172197454,0.3993664293332301,-0.024817257135776094,0.1663833616638336,0.9313068693130687,0.3137552911375529,0.9313068693130687,0.3254674532546745
/i/,Same nationality,Same-category Pearson QAP,positive,41,820,191.0,629.0,-0.08233641990372172,0.4245103203852451,0.45834346735088927,-0.033833146965644156,0.1680831916808319,0.9232076792320768,0.3137552911375529,0.9313068693130687,0.3254674532546745
/e/,Income distance,Ordinal-distance Spearman QAP,positive,43,903,,,0.07101930900007694,,,,0.19738026197380262,0.10338966103389662,0.32974480329744804,0.2226854237653158,0.37096290370962903
All except /u/,Same nationality,Same-category Pearson QAP,positive,41,820,191.0,629.0,-0.07595695545471748,0.35776855651635425,0.3822982949212146,-0.024529738404860335,0.20437956204379562,0.9084091590840916,0.32974480329744804,0.9313068693130687,0.3254674532546745
All vowels,Income distance,Ordinal-distance Spearman QAP,positive,43,903,,,0.07127449091971619,,,,0.21197880211978803,0.11248875112488751,0.32974480329744804,0.22497750224977503,0.37096290370962903
/o/,Same nationality,Same-category Pearson QAP,positive,41,820,191.0,629.0,-0.070701103091646,0.3582083598481423,0.38276836515918067,-0.024560005311038358,0.23247675232476753,0.8884111588841116,0.3425973192154469,0.9313068693130687,0.3254674532546745
/u/,Same income category,Same-category Pearson QAP,positive,43,903,236.0,667.0,0.03952855125154312,0.4750824379340067,0.4633701145202145,0.011712323413792192,0.2572742725727427,0.13558644135586442,0.3601839816018398,0.2530946905309469,0.41330866913308667
/a/,Same income category,Same-category Pearson QAP,positive,43,903,236.0,667.0,0.034244975519999686,0.3439161236066434,0.33022612915548877,0.013689994451154652,0.31686831316868314,0.1553844615538446,0.42249108422491083,0.27192280771922805,0.41330866913308667
/e/,Same income category,Same-category Pearson QAP,positive,43,903,236.0,667.0,0.03133932620838372,0.362584433013226,0.35053809303957884,0.01204633997364718,0.35426457354264573,0.17518248175182483,0.4348086930437391,0.2725060827250608,0.41330866913308667
/a/,Income distance,Ordinal-distance Spearman QAP,positive,43,903,,,0.05577028854778456,,,,0.3571642835716428,0.17218278172182783,0.4348086930437391,0.2725060827250608,0.5000299970002999
/e/,Same nationality,Same-category Pearson QAP,positive,41,820,191.0,629.0,-0.05023725067759673,0.3360372418440215,0.3562270974316923,-0.02018985558767078,0.37346265373462656,0.8138186181381862,0.43570642935706433,0.9313068693130687,0.4323567643235676
/a/,Same nationality,Same-category Pearson QAP,positive,41,820,191.0,629.0,-0.04699844140096918,0.312318303988008,0.3318542497430962,-0.019535945755088213,0.4323567643235676,0.7747225277472253,0.48423957604239576,0.9313068693130687,0.4323567643235676
/o/,Same income category,Same-category Pearson QAP,positive,43,903,236.0,667.0,0.010746704919532567,0.3872567013979463,0.38364719314084594,0.00360950825710038,0.7616238376162384,0.35036496350364965,0.7924244612575779,0.5163273146369574,0.7616238376162384
/o/,Income distance,Ordinal-distance Spearman QAP,positive,43,903,,,-0.017242136484228645,,,,0.7641235876412359,0.5981401859814018,0.7924244612575779,0.7975202479752025,0.8914775189147752
/u/,Income distance,Ordinal-distance Spearman QAP,positive,43,903,,,0.005498854704702144,,,,0.9273072692730727,0.44985501449855014,0.9273072692730727,0.6297970202979701,0.9273072692730727
