block,feature,n_speakers,pearson_hz,pearson_hz_p,pearson_hz_ci_low,pearson_hz_ci_high,pearson_lobanov,pearson_lobanov_p,pearson_lobanov_ci_low,pearson_lobanov_ci_high,pearson_difference,pearson_difference_ci_low,pearson_difference_ci_high,pearson_probability_lobanov_higher,spearman_hz,spearman_hz_p,spearman_hz_ci_low,spearman_hz_ci_high,spearman_lobanov,spearman_lobanov_p,spearman_lobanov_ci_low,spearman_lobanov_ci_high,spearman_difference,spearman_difference_ci_low,spearman_difference_ci_high,spearman_probability_lobanov_higher,pearson_hz_q,pearson_lobanov_q,spearman_hz_q,spearman_lobanov_q
Centroids,centroid_a_f1,43,0.967842152143814,3.4087822117090454e-26,0.9302310986394514,0.9876471323860924,0.7007458430590118,1.6762719629467825e-07,0.488425727825049,0.8420122989226835,-0.2670963090848022,-0.4703138824174995,-0.13399171795756357,0.0,0.9501661129568105,2.28952530990285e-22,0.8622186421392596,0.9859155995777847,0.6387798248263364,4.0356948784014085e-06,0.395381830035189,0.8077596095613054,-0.3113862881304741,-0.5416436404666239,-0.14813581678974577,0.0,2.272521474472697e-25,2.2350292839290435e-07,7.631751033009501e-22,5.044618598001761e-06
Centroids,centroid_a_f2,43,0.973480833245087,6.906673158151062e-28,0.9298560948198119,0.9901609873170859,0.895034668983622,5.770032896338288e-16,0.6067178485968342,0.9549910616104745,-0.078446164261465,-0.3351750360189162,-0.032035985976934855,0.0,0.9545454545454546,3.62157520058792e-23,0.8998998671742955,0.9753404865955999,0.645273331319843,2.9899421357597555e-06,0.37562087525754023,0.8241259595132551,-0.3092721232256116,-0.5713929030793676,-0.12012171425739583,0.0002,6.906673158151062e-27,4.178894883696355e-15,1.448630080235168e-22,3.986589514346341e-06
Centroids,centroid_e_f1,43,0.9638678089023481,3.578894184542685e-25,0.9371111442883825,0.9823465813694015,0.8916344589243543,1.07294598462796e-15,0.7949266253332591,0.9437650436375796,-0.0722333499779938,-0.1697417136904124,-0.017842348590699397,0.0026,0.9617940199335548,1.1017697842865942e-24,0.9057610765904874,0.985176417545649,0.8064028994261552,6.717306646909848e-11,0.6137960790717449,0.9159352017568602,-0.15539112050739967,-0.3400644277304654,-0.039360617322581996,0.0026,1.431557673817074e-24,5.017950815681991e-15,1.1017697842865941e-23,1.679326661727462e-10
Centroids,centroid_e_f2,43,0.9524032222166497,9.12148111955135e-23,0.9255950311359984,0.9770690865524703,0.8907593746847503,1.2544877039204977e-15,0.7689342095376533,0.9520463913850645,-0.06164384753189944,-0.1917123850826478,0.002542460387754217,0.0308,0.9685895499848988,2.1198178406377078e-26,0.9231749761965738,0.9857802250562105,0.8494412564180006,5.987598714604602e-13,0.6939409984871407,0.9303947495327513,-0.11914829356689816,-0.26913041619999734,-0.023318715366154444,0.0046,1.82429622391027e-22,5.017950815681991e-15,4.239635681275415e-25,2.1130846381343364e-12
Centroids,centroid_i_f1,43,0.9527368104688477,7.921806681517941e-23,0.9155974247613182,0.9781601713457294,0.8722118473558648,2.6030929416206233e-14,0.7893699963696592,0.9299488788361211,-0.08052496311298296,-0.16700811326743514,-0.015058242831832226,0.007,0.9562065841135609,1.7151004896285213e-23,0.8898929587463668,0.9824587932859519,0.8511023859861069,4.849261271364435e-13,0.7069965381589156,0.9272043479731917,-0.10510419812745397,-0.2448168518852395,-0.006658228184355589,0.0176,1.7604014847817648e-22,8.676976472068744e-14,8.575502448142606e-23,2.1130846381343364e-12
Centroids,centroid_i_f2,43,0.976784102260471,4.6599788636109e-29,0.9486369215084623,0.9906823202873634,0.7769540576233545,9.047823632426378e-10,0.6189102976459474,0.8789166623447221,-0.1998300446371165,-0.3597103878978921,-0.08560826223603601,0.0,0.9586227725762609,5.4823393350723685e-24,0.8867266620506729,0.9869803404485825,0.7561159770462096,4.546056599642683e-09,0.5340550227272494,0.8812618415966968,-0.20250679553005135,-0.4285552226806166,-0.052057422416257236,0.0026,9.3199577272218e-28,1.5079706054043962e-09,3.654892890048246e-23,8.265557453895787e-09
Centroids,centroid_o_f1,43,0.9618197589492978,1.0869178178305591e-24,0.9310103407991724,0.980866357345255,0.8330645358206078,4.219511384823547e-12,0.7311190153931714,0.9086870774465432,-0.12875522312869003,-0.23228049923781827,-0.049088030079568065,0.0,0.9269102990033222,4.709059029247176e-19,0.8217028312175454,0.9738386410253451,0.8434007852612504,1.262545361282272e-12,0.7196034705207657,0.9137849338094461,-0.08350951374207183,-0.20889536356430588,0.033125692731231886,0.069,3.62305939276853e-24,7.671838881497359e-12,8.561925507722138e-19,3.6072724608064915e-12
Centroids,centroid_o_f2,43,0.9545166077304823,3.667979599729908e-23,0.9118261226982377,0.9774743563770639,0.852260930398816,4.179725993283031e-13,0.7118245990758323,0.9253737854300501,-0.1022556773316663,-0.23750754518596423,-0.026830116152203,0.004,0.9255511929930534,6.780904160667678e-19,0.8437517654730723,0.9621987433540364,0.717607973421927,6.114603653452805e-08,0.4733130378994483,0.8753795016937597,-0.2079432195711265,-0.44202411702144245,-0.04228658684249951,0.0046,9.16994899932477e-23,8.359451986566063e-13,1.130150693444613e-18,1.0191006089088008e-07
Centroids,centroid_u_f1,43,0.9038640926549182,1.0381351908493641e-16,0.8413074705238126,0.9485472386865073,0.6350520024262774,4.779046601498285e-06,0.39001201955266823,0.8003125902316747,-0.26881209022864083,-0.5123889763182312,-0.10036826710240555,0.0,0.8879492600422834,2.05420919340284e-15,0.7817118751433231,0.9377653442281754,0.5742977952280277,5.6507833563676294e-05,0.2901806921670887,0.7817862206150732,-0.31365146481425565,-0.589387765115059,-0.09058540281493556,0.002,1.2976689885617052e-16,5.030575369998195e-06,2.5677614917535497e-15,5.948193006702768e-05
Centroids,centroid_u_f2,43,0.7219189233973485,4.6702130279527284e-08,0.5320972462672997,0.8466784818713153,0.6509966164273855,2.281914231306376e-06,0.41139647450909045,0.8148123959311968,-0.07092230696996304,-0.2820969012526873,0.11072644156005002,0.2142,0.6969193597100574,2.087297051053272e-07,0.46394964010449175,0.8469011096135276,0.5903050437934159,3.092957396987638e-05,0.32240209536529973,0.7762525212440682,-0.1066143159166415,-0.37047231648990514,0.12862738461197173,0.1894,4.916013713634451e-08,2.5354602570070844e-06,2.1971547905823915e-07,3.436619329986265e-05
Geometry,geometry_a_o,43,0.9007013842374542,1.9546516385253736e-16,0.8261178142836908,0.9568101919719075,0.855590676870864,2.7076710302655396e-13,0.7375567531338386,0.9360926937105599,-0.045110707366590175,-0.1384310134460656,0.03250194945087198,0.1286,0.9101479915433404,2.760021832525883e-17,0.8180407680857693,0.9499304143085159,0.8563877982482634,2.4364646457911716e-13,0.7008832226171655,0.9398472609838934,-0.053760193295076975,-0.19848940457539704,0.061441259306253354,0.1934,2.2995901629710276e-16,6.017046733923421e-13,3.942888332179833e-17,1.624309763860781e-12
Geometry,geometry_a_u,43,0.8321404738683831,4.681342796879803e-12,0.6906119514762301,0.9164651959380128,0.5651257335148898,7.871138423652671e-05,0.32065125072079387,0.7462273445639543,-0.26701474035349326,-0.4600538086600626,-0.11980643171712456,0.0,0.8171247357293868,2.329594232842966e-11,0.6594250335834535,0.9094837696928862,0.5182724252491694,0.0003708600812191457,0.21696267463106275,0.7423053643035485,-0.29885231048021743,-0.5645328130138632,-0.0726348945753916,0.0034,5.201491996533115e-12,7.871138423652671e-05,2.5884380364921846e-11,0.0003708600812191457
Geometry,geometry_e_a,43,0.9398190639357368,9.920738581477806e-21,0.7661459783286058,0.978962362362388,0.8945872138292732,6.268342325544532e-16,0.8113559310597226,0.9444433754496183,-0.04523185010646358,-0.11032119414631257,0.10060627590513206,0.1396,0.8393234672304439,2.0527882852063526e-12,0.6827990026679582,0.9325068189692651,0.865901540320145,6.569429159334714e-14,0.7439537847973284,0.9289524433683737,0.02657807308970106,-0.09971115379233453,0.16497681405613818,0.645,1.5262674740735087e-20,4.178894883696355e-15,2.415045041419238e-12,6.569429159334714e-13
Geometry,geometry_e_o,43,0.951077934977159,1.5816200603799205e-22,0.9141966114483493,0.9791857793201416,0.9317292954414275,1.218406363554361e-19,0.870946487882022,0.9659810346459948,-0.019348639535731516,-0.06536212820100314,0.005246390795289348,0.0586,0.9435215946843855,2.7962967230395865e-21,0.8775608249624078,0.9688209474799455,0.8953488372093023,5.442807987768573e-16,0.7727848100142074,0.9547554105996641,-0.048172757475083205,-0.15418249532396464,0.02694715131107985,0.1154,2.875672837054401e-22,2.4368127271087217e-18,7.989419208684533e-21,1.0885615975537144e-14
Geometry,geometry_e_u,43,0.9149027256728666,9.481090953642112e-18,0.8659686448906945,0.9495043114123146,0.675655858483972,6.656838306176673e-07,0.4784621187084656,0.8031811580575836,-0.23924686718889454,-0.4112482490947207,-0.1272672985304724,0.0,0.9296285110238599,2.222601178309453e-19,0.8444389342606489,0.9642697632073521,0.6609785563273936,1.4048608868024541e-06,0.4120850460292595,0.8196514351548171,-0.26864995469646635,-0.5007244493678403,-0.09988516100622039,0.0002,1.354441564806016e-17,7.831574477854909e-07,4.445202356618906e-19,2.006944124003506e-06
Geometry,geometry_i_a,43,0.9593960766581687,3.7513123527511624e-24,0.8995457660557263,0.983049589285977,0.7429959834680105,1.1598468125682733e-08,0.5628699754360695,0.8691538220164681,-0.21640009319015818,-0.37533434003939875,-0.0948126076083926,0.0,0.9329507701600724,8.51429751391667e-20,0.8419265266947215,0.9739415160937314,0.7740863787375415,1.1412753623785792e-09,0.5822041145504627,0.9011437349715422,-0.15886439142253095,-0.3361240485298633,-0.013153586887097005,0.016,1.071803529357475e-23,1.7843797116434974e-08,2.1285743784791676e-19,2.2825507247571583e-09
Geometry,geometry_i_e,43,0.9052445651683945,7.821864800592446e-17,0.8048193882214015,0.9558087284427527,0.856904580489335,2.274559043182261e-13,0.7488093556642523,0.9189287559721908,-0.04833998467905942,-0.17339522094213353,0.07059761274651885,0.1776,0.888100271821202,2.001153273238259e-15,0.764259964537682,0.9542544647946689,0.7949260042283297,1.945314296008414e-10,0.614550341423017,0.8939914376167175,-0.09317426759287228,-0.28830979615036567,0.07508135926738828,0.142,1.0429153067456594e-16,5.686397607955652e-13,2.5677614917535497e-15,4.322920657796475e-10
Geometry,geometry_i_o,43,0.9666681711851735,7.030995015528324e-26,0.9184403618883189,0.9871347214280607,0.8605326705309458,1.392869098157263e-13,0.75535129460535,0.9170622157782156,-0.10613550065422761,-0.21418575635846887,-0.03364786356049341,0.0022,0.9323467230443975,1.0173750148458611e-19,0.8426502213967765,0.9741263383337345,0.8489882210812444,6.33925391440301e-13,0.7145621648464358,0.9221853864940098,-0.08335850196315309,-0.22145413884428064,0.034648360125944785,0.0768,3.515497507764162e-25,3.9796259947350377e-13,2.260833366324136e-19,2.1130846381343364e-12
Geometry,geometry_i_u,43,0.9425459958721885,3.935642014784348e-21,0.8907974483268587,0.9696274644089758,0.6984400741746891,1.9138609208754515e-07,0.4693823825337626,0.843205330456676,-0.24410592169749934,-0.48148393973149933,-0.09118786584397015,0.0,0.9178495922681968,4.7364881518934485e-18,0.8209011103334486,0.9609483637697736,0.5993657505285412,2.1675253977837024e-05,0.32176371830713507,0.7945363620185013,-0.3184838417396556,-0.590212176139859,-0.10427240927497775,0.0006,6.5594033579739134e-21,2.3923261510943143e-07,7.286904849066844e-18,2.550029879745532e-05
Geometry,geometry_o_u,43,0.5835082343353611,4.01043995622116e-05,0.25633971733847344,0.7833581357559732,0.7168179483063672,6.420723153877774e-08,0.5162931521480323,0.8488447754900242,0.1333097139710061,-0.10198727038254309,0.4374317793492053,0.8588,0.42645726366656606,0.004349513933277694,0.11089687474785427,0.6929020460123568,0.6871035940803383,3.6085085752681e-07,0.4353152982538648,0.8515424189786912,0.2606463304137722,-0.07374970264509295,0.604095424294956,0.9372,4.01043995622116e-05,9.17246164839682e-08,0.004349513933277694,5.551551654258616e-07
