audio,half,vowel_raw,vowel,f1,f2,token_time
2e25304d-Audio_SP12,H1,a,a,1005.433140997856,1348.4333257328317,15.81375
2e25304d-Audio_SP12,H1,a,a,968.550954520056,1407.9386604036383,16.00375
2e25304d-Audio_SP12,H1,a,a,873.8225584778355,1846.8460611733385,21.98775
2e25304d-Audio_SP12,H1,a,a,747.0336894739502,1337.244741531991,25.76275
2e25304d-Audio_SP12,H1,a,a,708.3982523251617,2081.06700954082,26.11875
2e25304d-Audio_SP12,H1,a,a,918.2973384058778,1666.3985915617263,29.02775
2e25304d-Audio_SP12,H1,a,a,735.5280412855659,1679.2150846915088,50.11075
2e25304d-Audio_SP12,H1,a,a,748.9777506335463,1888.381153559822,50.27575
2e25304d-Audio_SP12,H1,a,a,689.1314568775607,2169.059790929714,53.47075
2e25304d-Audio_SP12,H1,a,a,918.066383315862,1534.5526375661354,56.59775
2e25304d-Audio_SP12,H1,a,a,795.8371374978224,1694.9804722414929,57.243750000000006
2e25304d-Audio_SP12,H1,a,a,829.9296933693116,1661.3748676232435,76.59275
2e25304d-Audio_SP12,H1,a,a,746.9232550399565,1672.5004143613728,87.93575
2e25304d-Audio_SP12,H1,a,a,855.5343850453493,1361.4471175526587,90.87575
2e25304d-Audio_SP12,H1,a,a,978.7932315082896,1563.9928863037337,91.15575
2e25304d-Audio_SP12,H1,a,a,680.3671423013734,1831.4252684360424,103.36275
2e25304d-Audio_SP12,H1,a,a,969.4928717497488,1708.1769837438926,103.54775
2e25304d-Audio_SP12,H1,a,a,798.1245225512798,1919.1899138777328,103.81875
2e25304d-Audio_SP12,H1,a,a,741.3857534906466,1366.3395462714666,104.50375
2e25304d-Audio_SP12,H1,a,a,736.1405827572812,1399.7849555336136,104.80375
2e25304d-Audio_SP12,H1,a,a,651.6646173326361,1441.4990456426815,105.76375
2e25304d-Audio_SP12,H1,a,a,613.5070957826994,1850.4206752444964,106.20575
2e25304d-Audio_SP12,H1,a,a,765.7349808944089,1618.7423976567404,106.47775
2e25304d-Audio_SP12,H1,a,a,731.5816990376679,1697.797347705871,107.28775
2e25304d-Audio_SP12,H1,a,a,774.4185434925329,1862.69885133414,108.65375
2e25304d-Audio_SP12,H1,a,a,919.6958087152713,1445.7100191640104,108.83575
2e25304d-Audio_SP12,H1,a,a,715.1436208068199,1912.1185939940624,109.94375
2e25304d-Audio_SP12,H1,a,a,846.9818564451094,1510.75565591671,110.29075
2e25304d-Audio_SP12,H1,a,a,570.047171391626,2118.4738679299817,110.75275
2e25304d-Audio_SP12,H1,a,a,850.2745730883737,1619.7625439749163,113.23375
2e25304d-Audio_SP12,H1,a,a,807.6539923062276,1942.7124700489928,134.54375000000002
2e25304d-Audio_SP12,H1,a,a,814.2337398719296,1796.74179794562,136.30075
2e25304d-Audio_SP12,H1,a,a,675.8645470725874,1405.660463512134,137.24575
2e25304d-Audio_SP12,H1,a,a,776.6730712087418,1807.4912131727328,137.60775
2e25304d-Audio_SP12,H1,a,a,899.4713240732099,1514.989689103532,158.26275
2e25304d-Audio_SP12,H1,a,a,848.6930239607213,1456.3309474255873,161.55375
2e25304d-Audio_SP12,H1,a,a,762.7208336771669,1834.049648772552,161.84275
2e25304d-Audio_SP12,H1,a,a,802.3697068113172,1470.4582376537674,162.02274999999997
2e25304d-Audio_SP12,H1,a,a,810.491516240108,1959.3235739246416,162.46274999999997
2e25304d-Audio_SP12,H1,a,a,720.1361806614055,1241.1170362961875,162.87375000000003
2e25304d-Audio_SP12,H1,a,a,782.5255683938772,1368.2289726506283,163.11375
2e25304d-Audio_SP12,H1,a,a,774.827197825047,2230.199821864059,166.30775
2e25304d-Audio_SP12,H1,a,a,819.2025778405776,1690.0888474988326,171.40275
2e25304d-Audio_SP12,H1,a,a,669.207945260601,1537.7596089475437,171.88875
2e25304d-Audio_SP12,H1,a,a,819.8025342378622,1557.821071983572,174.35575
2e25304d-Audio_SP12,H1,a,a,755.363331324688,1267.816980913061,174.45575
2e25304d-Audio_SP12,H1,a,a,480.4714997359893,1822.486794558828,190.18575
2e25304d-Audio_SP12,H1,a,a,710.9028110930584,1750.728081645885,203.88575
2e25304d-Audio_SP12,H1,a,a,706.2838439699395,1747.8939957889118,204.09775
2e25304d-Audio_SP12,H1,a,a,830.8259961752049,1382.67362592955,205.85875
2e25304d-Audio_SP12,H1,a,a,872.5227057112373,1576.827753788682,206.31375000000003
2e25304d-Audio_SP12,H1,a,a,676.7564582862026,1943.330249471848,209.52375
2e25304d-Audio_SP12,H1,a,a,849.3433734717316,1561.291378783579,224.05375
2e25304d-Audio_SP12,H1,a,a,813.3207143200246,1876.866846947631,236.37775
2e25304d-Audio_SP12,H1,a,a,997.9556043687336,1522.4943128271846,241.87775
2e25304d-Audio_SP12,H1,a,a,849.885758759912,1595.7499549011752,242.26375
2e25304d-Audio_SP12,H1,a,a,685.5747092581971,2380.732568884778,245.86075
2e25304d-Audio_SP12,H1,a,a,749.5140660956993,1672.3820101004856,246.13375
2e25304d-Audio_SP12,H1,a,a,1017.66440844722,1574.5115089255503,247.28575
2e25304d-Audio_SP12,H1,a,a,775.653068151941,1949.7799102131848,247.74075
2e25304d-Audio_SP12,H1,a,a,764.311553862802,1442.3304658031009,248.16375
2e25304d-Audio_SP12,H1,a,a,752.4031450531099,1712.9077714628418,261.70775000000003
2e25304d-Audio_SP12,H1,a,a,756.9095679847496,1824.2027482035687,270.87075
2e25304d-Audio_SP12,H1,a,a,690.5057761217128,1560.0700261570753,272.62575
2e25304d-Audio_SP12,H1,a,a,696.085875280778,1720.516192129916,276.39374999999995
2e25304d-Audio_SP12,H1,a,a,878.4165025725592,1706.8563875581633,277.55875000000003
2e25304d-Audio_SP12,H1,a,a,768.0008704030488,1297.330135701467,277.91275
2e25304d-Audio_SP12,H1,a,a,893.0442856872081,2140.8899995141605,278.32575
2e25304d-Audio_SP12,H1,a,a,756.7830178845529,1722.2588497929723,296.04275
2e25304d-Audio_SP12,H1,a,a,682.2510220648309,1681.2282680029225,296.34275
2e25304d-Audio_SP12,H1,a,a,835.433660624923,1747.9581954951996,299.45275000000004
2e25304d-Audio_SP12,H1,a,a,717.7046267205311,1631.700060997629,301.96575
2e25304d-Audio_SP12,H1,a,a,814.6549737479475,1629.1800485839196,305.39275000000004
2e25304d-Audio_SP12,H1,a,a,1091.6887989172008,1668.3461511140738,312.83575
2e25304d-Audio_SP12,H1,a,a,798.5611752927507,1579.2922618231212,314.07775
2e25304d-Audio_SP12,H1,a,a,853.0646344058613,1536.0496201962198,315.77275000000003
2e25304d-Audio_SP12,H1,a,a,839.3764893160176,1689.1279242491737,316.44775000000004
2e25304d-Audio_SP12,H1,a,a,1061.6285466771249,1620.335298180355,317.74875000000003
2e25304d-Audio_SP12,H1,a,a,963.2601879227136,1582.1234720793757,318.92074999999994
2e25304d-Audio_SP12,H1,a,a,881.6454738281396,1427.038508978046,320.03574999999995
2e25304d-Audio_SP12,H1,a,a,714.02084706176,1427.5137541714305,320.45575
2e25304d-Audio_SP12,H1,a,a,738.9048584003932,1369.0746775922096,322.11274999999995
2e25304d-Audio_SP12,H1,a,a,738.2221386348305,1803.29475279516,336.52374999999995
2e25304d-Audio_SP12,H1,a,a,778.78605560276,1622.0755073840987,340.61075
2e25304d-Audio_SP12,H1,a,a,722.0356501167419,1654.4265575350337,343.00575
2e25304d-Audio_SP12,H1,a,a,712.7588674989028,1300.2272153259846,345.42375
2e25304d-Audio_SP12,H1,a,a,740.1363546713952,1411.78419184369,345.61375000000004
2e25304d-Audio_SP12,H1,a,a,688.1231127645823,1574.294044578514,347.25075
2e25304d-Audio_SP12,H1,a,a,712.3073213006043,1624.677812473925,358.03074999999995
2e25304d-Audio_SP12,H1,a,a,706.2503608785539,1944.633965847704,359.13575
2e25304d-Audio_SP12,H1,a,a,689.7005376196491,1909.372810917912,359.32375
2e25304d-Audio_SP12,H1,a,a,664.8152482792153,2080.8789599468746,359.53574999999995
2e25304d-Audio_SP12,H1,a,a,675.1714241181709,1954.7155043526784,362.50875
2e25304d-Audio_SP12,H1,a,a,740.4199124650512,1545.09954585714,364.47275
2e25304d-Audio_SP12,H1,a,a,742.3711136727939,1425.479425245267,370.77075
2e25304d-Audio_SP12,H1,a,a,708.6300087232952,1704.1958287034672,371.7527500000001
2e25304d-Audio_SP12,H1,a,a,622.7568637608641,1520.8409042876503,372.04374999999993
2e25304d-Audio_SP12,H1,a,a,922.8934331917382,1727.6213748906234,388.08875
2e25304d-Audio_SP12,H1,a,a,744.1331662866921,1685.3181503259812,418.59575
2e25304d-Audio_SP12,H1,a,a,681.9924992533707,1903.6009945603807,424.33275
2e25304d-Audio_SP12,H1,a,a,684.7583954227634,1557.1245915963764,424.89275
2e25304d-Audio_SP12,H1,a,a,995.7012433712696,1618.3874582764238,427.61775000000006
2e25304d-Audio_SP12,H1,a,a,671.1477670927575,1948.777041312196,430.10875
2e25304d-Audio_SP12,H1,a,a,786.1728764497759,1434.6854968593132,430.40375
2e25304d-Audio_SP12,H1,a,a,639.0695320797,2080.0249057942124,430.72575
2e25304d-Audio_SP12,H1,a,a,777.8379558166525,1771.0305304087783,435.55575
2e25304d-Audio_SP12,H1,a,a,878.7932816262129,1509.0459351462473,435.99875
2e25304d-Audio_SP12,H1,a,a,845.7632228931072,1951.4696410349893,436.58775
2e25304d-Audio_SP12,H1,a,a,838.2987658581434,1651.0464474800674,440.53275
2e25304d-Audio_SP12,H1,a,a,862.5484443949459,1625.26187193722,441.13775
2e25304d-Audio_SP12,H1,a,a,721.409853389043,1645.1085099142358,444.48375
2e25304d-Audio_SP12,H1,a,a,784.8896504479818,1744.2605965441255,467.34775
2e25304d-Audio_SP12,H1,a,a,749.2209968712702,1714.2970830936406,468.47775
2e25304d-Audio_SP12,H1,a,a,699.4390443707989,1506.6399774872518,468.92275
2e25304d-Audio_SP12,H1,a,a,1176.6520459553578,1459.7959674001386,469.13275
2e25304d-Audio_SP12,H1,a,a,808.9731635596324,1702.6313264707137,473.02575
2e25304d-Audio_SP12,H1,a,a,846.4109592688245,1977.2726154264128,473.54575
2e25304d-Audio_SP12,H1,a,a,789.5584583038931,1705.2503450777533,477.66375
2e25304d-Audio_SP12,H1,a,a,822.8716006457813,1940.300223794276,478.02575
2e25304d-Audio_SP12,H1,a,a,662.4863912577125,1620.8881785995527,479.28275
2e25304d-Audio_SP12,H1,a,a,618.3191250760841,1589.2213097315096,479.70275
2e25304d-Audio_SP12,H1,a,a,711.115692001736,1696.2219083168263,481.39275
2e25304d-Audio_SP12,H1,a,a,874.8259588337323,1247.0789333441244,481.62075
2e25304d-Audio_SP12,H1,a,a,909.5721804153156,1539.6787119979083,485.87774999999993
2e25304d-Audio_SP12,H1,a,a,731.030957486552,1271.2767200958876,486.12275000000005
2e25304d-Audio_SP12,H1,a,a,855.2579062723269,1376.47323497843,493.84775
2e25304d-Audio_SP12,H1,a,a,622.885779154537,1968.940048595089,501.21575
2e25304d-Audio_SP12,H1,a,a,733.8434917529219,1385.9565058488542,501.32575
2e25304d-Audio_SP12,H1,a,a,661.9238606633893,2080.6758351710014,501.58575
2e25304d-Audio_SP12,H1,a,a,1102.4731134374897,1546.7107803991198,521.9937500000001
2e25304d-Audio_SP12,H1,a,a,692.9159606518685,1466.7529839391298,523.91375
2e25304d-Audio_SP12,H1,a,a,728.6509083378766,1802.529845416872,524.3227499999999
2e25304d-Audio_SP12,H1,a,a,875.3961635610254,1829.532285359809,524.6437500000001
2e25304d-Audio_SP12,H1,a,a,759.8274110838117,1911.453349719761,526.4327499999999
2e25304d-Audio_SP12,H1,a,a,766.5817918755482,1606.811689301248,526.75075
2e25304d-Audio_SP12,H1,a,a,790.5225580731103,1486.70890030637,527.81575
2e25304d-Audio_SP12,H1,a,a,752.7568464095395,1682.6430328882734,535.5987499999999
2e25304d-Audio_SP12,H1,a,a,644.3067093638907,1303.128678585238,537.98575
2e25304d-Audio_SP12,H1,a,a,989.5006244177058,1369.2026806211131,567.58575
2e25304d-Audio_SP12,H1,a,a,731.060800241573,1866.702784511588,589.3837500000001
2e25304d-Audio_SP12,H1,a,a,721.5435753199832,1271.684015880281,596.4737499999999
2e25304d-Audio_SP12,H1,a,a,778.0485831059934,1772.444373554044,599.67875
2e25304d-Audio_SP12,H1,a,a,729.5585401386866,1712.3079317299982,600.42775
2e25304d-Audio_SP12,H1,a,a,708.8403537928376,1697.0392757195652,600.56575
2e25304d-Audio_SP12,H1,a,a,930.183160973344,1633.8902014854257,600.9287499999999
2e25304d-Audio_SP12,H1,a,a,749.6868174252382,1751.0952282957417,604.9737500000001
2e25304d-Audio_SP12,H1,a,a,915.8830971001026,1672.935466800871,605.25275
2e25304d-Audio_SP12,H1,a,a,877.292341493113,1774.2108851555536,605.5677499999999
2e25304d-Audio_SP12,H1,a,a,749.808523419742,1608.677118216921,611.17575
2e25304d-Audio_SP12,H1,a,a,749.8761912554188,1625.160854202113,611.29575
2e25304d-Audio_SP12,H1,a,a,790.5101628243706,1791.3386367212463,611.68575
2e25304d-Audio_SP12,H1,a,a,735.9953796258782,1596.3860639163097,628.2327500000001
2e25304d-Audio_SP12,H1,a,a,803.1820665194438,1615.7401428271014,631.06575
2e25304d-Audio_SP12,H1,a,a,743.2698360629935,1739.5063258982857,632.29375
2e25304d-Audio_SP12,H1,a,a,785.8373851074622,1345.7723825676012,632.61075
2e25304d-Audio_SP12,H1,a,a,939.4869979730232,1432.212338704581,632.7527500000001
2e25304d-Audio_SP12,H1,a,a,816.8635262947336,1363.6244446401631,633.1987499999999
2e25304d-Audio_SP12,H1,a,a,729.2962675009619,1903.885964744192,634.26275
2e25304d-Audio_SP12,H1,a,a,776.7194812281965,1781.3268593293324,635.41775
2e25304d-Audio_SP12,H1,a,a,929.8973438051488,1570.2561948515215,638.53075
2e25304d-Audio_SP12,H1,a,a,718.6805966385718,1937.3422467234684,638.8437500000001
2e25304d-Audio_SP12,H1,a,a,809.8423008665874,1851.421598930753,650.11775
2e25304d-Audio_SP12,H1,a,a,708.1840612341942,1821.3129274616952,651.6137500000001
2e25304d-Audio_SP12,H1,a,a,692.4168166565024,1976.7608178510784,651.8177499999999
2e25304d-Audio_SP12,H1,a,a,774.9773856703162,1502.471739838591,656.2977500000001
2e25304d-Audio_SP12,H1,a,a,865.1032697928034,1713.88033941583,662.49275
2e25304d-Audio_SP12,H1,a,a,673.4986531029041,1575.083016919001,674.28275
2e25304d-Audio_SP12,H1,a,a,717.7657764300267,1882.3344644370657,702.73575
2e25304d-Audio_SP12,H1,a,a,771.2511962960009,1658.4641222540831,704.2057500000001
2e25304d-Audio_SP12,H1,a,a,654.5276008102323,1699.957395763795,706.2537500000001
2e25304d-Audio_SP12,H1,a,a,724.1721809183052,1749.8059174014284,711.01275
2e25304d-Audio_SP12,H1,a,a,869.0655263225242,1558.8215652730792,711.4637500000001
2e25304d-Audio_SP12,H1,a,a,621.0624734636422,1686.5235021361168,713.1537500000001
2e25304d-Audio_SP12,H1,a,a,727.1792564207097,1694.458355499839,713.30875
2e25304d-Audio_SP12,H1,a,a,755.3555940229827,1912.4433581812823,713.5577499999999
2e25304d-Audio_SP12,H1,a,a,920.9351903803054,1477.898798106139,713.7027499999999
2e25304d-Audio_SP12,H1,a,a,720.6485735861274,1900.188218047995,714.38775
2e25304d-Audio_SP12,H1,a,a,796.2640384555356,1645.2152587556457,715.55375
2e25304d-Audio_SP12,H1,a,a,805.2121559693411,1424.5675427931014,715.94575
2e25304d-Audio_SP12,H1,a,a,810.4130941941551,1696.13463745485,720.02275
2e25304d-Audio_SP12,H1,a,a,839.8309533093395,1517.1369842716422,720.2137500000001
2e25304d-Audio_SP12,H1,a,a,804.8846046237938,1398.1514632312785,720.35775
2e25304d-Audio_SP12,H1,a,a,791.8968992789194,1384.1942741946132,720.51575
2e25304d-Audio_SP12,H1,a,a,743.0954634820633,1762.6212680597152,721.4837500000001
2e25304d-Audio_SP12,H1,a,a,910.6985343955164,2072.646666721635,734.5287500000001
2e25304d-Audio_SP12,H1,a,a,756.9736942148135,1396.9330040767668,735.53375
2e25304d-Audio_SP12,H1,a,a,887.8584613562507,1730.5352072565688,735.80575
2e25304d-Audio_SP12,H1,a,a,725.2111526516302,1453.1287337562164,739.96775
2e25304d-Audio_SP12,H1,a,a,696.6979550895563,1474.9732924343914,750.23975
2e25304d-Audio_SP12,H1,a,a,817.6240139858842,1539.6847521900509,753.9637500000001
2e25304d-Audio_SP12,H1,a,a,886.3236289554252,1396.887279486053,754.3277499999999
2e25304d-Audio_SP12,H1,a,a,838.6281346963315,1520.0709767942346,754.9677500000001
2e25304d-Audio_SP12,H1,a,a,744.2545781333715,1757.5418481343456,755.2057500000001
2e25304d-Audio_SP12,H1,a,a,930.3577464541596,1496.9251966221434,755.5577499999999
2e25304d-Audio_SP12,H1,a,a,799.4326678396909,1586.5925153636335,755.8787500000001
2e25304d-Audio_SP12,H1,a,a,826.7945211532826,1783.7403559958932,759.40575
2e25304d-Audio_SP12,H1,a,a,824.9624007039478,1515.8161234059237,759.57575
2e25304d-Audio_SP12,H1,a,a,826.6480082567876,1901.8172133757555,759.8637500000001
2e25304d-Audio_SP12,H1,a,a,868.0243412557338,1443.2881531279547,760.3487500000001
2e25304d-Audio_SP12,H1,a,a,845.8904949767706,1629.954217506262,763.1787499999999
2e25304d-Audio_SP12,H1,a,a,993.0559829362786,1428.3605331459105,764.8887500000001
2e25304d-Audio_SP12,H1,a,a,812.9561283926929,1462.441598092838,774.28775
2e25304d-Audio_SP12,H1,a,a,826.5973544422259,1527.9194249608338,774.40575
2e25304d-Audio_SP12,H1,a,a,653.6337192483475,1174.034510184783,774.5577499999999
2e25304d-Audio_SP12,H1,a,a,756.1988744590824,1649.1242304549316,779.7987499999999
2e25304d-Audio_SP12,H1,a,a,797.7458369335765,1718.2299139619856,782.7387500000001
2e25304d-Audio_SP12,H1,a,a,890.3881008349659,1394.4609198414498,782.9037500000001
2e25304d-Audio_SP12,H1,a,a,710.8550457512962,1366.9899932799424,783.04275
2e25304d-Audio_SP12,H1,a,a,710.712390131844,2184.8997585202137,783.8337500000001
2e25304d-Audio_SP12,H1,a,a,717.4633725134254,1773.2546698742972,784.1387500000001
2e25304d-Audio_SP12,H1,a,a,634.1917497671548,1607.6719019927534,785.88575
2e25304d-Audio_SP12,H1,a,a,785.5952954855835,1691.6525906081818,811.2487500000001
2e25304d-Audio_SP12,H1,a,a,1001.5254155900952,1438.3529550796811,814.65875
2e25304d-Audio_SP12,H1,a,a,740.7333347542829,1967.4781684370544,814.92375
2e25304d-Audio_SP12,H1,a,a,694.8903382956328,1585.73282271434,816.42275
2e25304d-Audio_SP12,H1,a,a,623.8858295102978,1973.672115552533,830.6827499999999
2e25304d-Audio_SP12,H1,a,a,873.2843396353223,1741.605557736324,831.1007500000001
2e25304d-Audio_SP12,H1,a,a,622.2751454701051,1800.2142744465457,831.2787500000001
2e25304d-Audio_SP12,H1,a,a,715.4547063856903,1883.65009904153,833.82375
2e25304d-Audio_SP12,H1,a,a,675.7711366321703,1551.433204989988,834.28375
2e25304d-Audio_SP12,H1,a,a,726.115977486262,1859.9152070834143,837.92575
2e25304d-Audio_SP12,H1,a,a,895.6206001842722,1744.710944400577,840.46275
2e25304d-Audio_SP12,H1,a,a,711.4826145928683,1814.23920721112,844.05275
2e25304d-Audio_SP12,H1,a,a,668.2267421943985,1274.7014652342373,844.6087500000001
2e25304d-Audio_SP12,H1,a,a,843.7784260125708,1577.765021992443,845.0637499999999
2e25304d-Audio_SP12,H1,a,a,790.6578854517181,1869.1626529935625,856.3507500000001
2e25304d-Audio_SP12,H1,a,a,733.9830898061607,1243.2389581969437,857.1077500000001
2e25304d-Audio_SP12,H1,a,a,735.1855744444147,1789.8114044495,860.49075
2e25304d-Audio_SP12,H1,a,a,788.4275022696902,1755.3854051033195,864.1927499999999
2e25304d-Audio_SP12,H1,a,a,809.9646775028407,1292.1708160694814,866.54075
2e25304d-Audio_SP12,H1,a,a,786.0922103513029,1694.411168609121,867.86575
2e25304d-Audio_SP12,H1,a,a,716.6643546016586,1680.7205989109077,868.03275
2e25304d-Audio_SP12,H1,a,a,742.8515984912407,1798.555138699155,868.2157500000001
2e25304d-Audio_SP12,H1,a,a,801.3270701952665,1811.9204463778965,868.69775
2e25304d-Audio_SP12,H1,a,a,765.2382775662599,1312.245777113989,871.31375
2e25304d-Audio_SP12,H1,a,a,831.4137266359548,1510.3194996690129,871.4657500000001
2e25304d-Audio_SP12,H1,a,a,871.8740486484579,1316.5362972713822,871.56375
2e25304d-Audio_SP12,H1,a,a,940.9698322268586,1591.669791551493,874.40275
2e25304d-Audio_SP12,H1,a,a,809.6516868767737,1570.0920877478743,875.82575
2e25304d-Audio_SP12,H1,a,a,645.7448511040919,2044.754365547513,879.25575
2e25304d-Audio_SP12,H1,a,a,739.8874223789334,1778.5605866166811,879.40775
2e25304d-Audio_SP12,H2,a,a,770.4597680351153,1369.5474017871195,881.93575
2e25304d-Audio_SP12,H2,a,a,712.8550956523785,1485.03838817603,882.2177500000001
2e25304d-Audio_SP12,H2,a,a,634.7788021165792,1619.831405729822,882.53875
2e25304d-Audio_SP12,H2,a,a,701.5602165552385,1447.296404386368,882.81075
2e25304d-Audio_SP12,H2,a,a,817.1646138975042,1746.5646028603037,885.0727499999999
2e25304d-Audio_SP12,H2,a,a,749.9308423752847,1870.3938492375576,885.67775
2e25304d-Audio_SP12,H2,a,a,981.5880622712192,1531.2815934367002,898.28075
2e25304d-Audio_SP12,H2,a,a,738.935412767638,1489.3036904908124,898.7137500000001
2e25304d-Audio_SP12,H2,a,a,776.1873629442429,1785.9925514883623,899.91875
2e25304d-Audio_SP12,H2,a,a,785.4106512744992,1564.2369147942015,900.95575
2e25304d-Audio_SP12,H2,a,a,1003.9327676294046,1444.8305816434715,905.13275
2e25304d-Audio_SP12,H2,a,a,712.3715280204085,1498.5442155375747,905.34775
2e25304d-Audio_SP12,H2,a,a,789.636359199089,1457.399472146948,906.98575
2e25304d-Audio_SP12,H2,a,a,794.8500874616507,1706.5222316221173,907.50375
2e25304d-Audio_SP12,H2,a,a,734.3609763034059,1738.561126831145,945.96275
2e25304d-Audio_SP12,H2,a,a,1055.6619048626835,1585.981132296433,946.76075
2e25304d-Audio_SP12,H2,a,a,692.5125648799194,1388.1205464059924,946.94575
2e25304d-Audio_SP12,H2,a,a,879.9182679366417,2055.851581443072,947.44375
2e25304d-Audio_SP12,H2,a,a,891.7740601502007,1652.155574546274,979.34775
2e25304d-Audio_SP12,H2,a,a,690.1314840386597,1606.117797005239,980.08575
2e25304d-Audio_SP12,H2,a,a,674.9157181402974,1837.3063313256664,980.34075
2e25304d-Audio_SP12,H2,a,a,867.9926313846603,1450.0237304023003,1009.47575
2e25304d-Audio_SP12,H2,a,a,795.1521556445812,1608.000395116479,1014.90375
2e25304d-Audio_SP12,H2,a,a,904.507143116392,1381.576958635494,1019.43875
2e25304d-Audio_SP12,H2,a,a,785.4762587425477,1278.5563550486513,1020.20375
2e25304d-Audio_SP12,H2,a,a,786.6625431867714,1756.469665502089,1040.10075
2e25304d-Audio_SP12,H2,a,a,754.8476789597637,1846.6828191369848,1042.59575
2e25304d-Audio_SP12,H2,a,a,684.8859580167451,1887.519689544608,1043.73575
2e25304d-Audio_SP12,H2,a,a,865.76175549479,1519.990805098974,1057.9607500000002
2e25304d-Audio_SP12,H2,a,a,832.1974139658037,1463.4153350426086,1058.24375
2e25304d-Audio_SP12,H2,a,a,742.1568661560508,1501.9525550641358,1058.90875
2e25304d-Audio_SP12,H2,a,a,681.2535606761622,1837.7947173803232,1060.51775
2e25304d-Audio_SP12,H2,a,a,718.9639091866042,1530.4169662010663,1061.58875
2e25304d-Audio_SP12,H2,a,a,898.810268528802,1414.67494651741,1064.94575
2e25304d-Audio_SP12,H2,a,a,786.8174401062385,1413.2806633210669,1065.16375
2e25304d-Audio_SP12,H2,a,a,795.248542508045,1214.4958525595157,1065.58775
2e25304d-Audio_SP12,H2,a,a,708.7129012480378,1758.4068879444806,1069.16375
2e25304d-Audio_SP12,H2,a,a,932.8894074882112,1281.3445379381242,1069.65575
2e25304d-Audio_SP12,H2,a,a,760.8563019492481,1636.1768477570454,1074.20375
2e25304d-Audio_SP12,H2,a,a,661.17903785629,1641.541394401312,1079.53575
2e25304d-Audio_SP12,H2,a,a,762.5030220281943,1553.2867306399658,1079.71875
2e25304d-Audio_SP12,H2,a,a,825.7533160709402,1749.6109093734462,1081.22775
2e25304d-Audio_SP12,H2,a,a,788.4646054056363,1776.93800041722,1083.40575
2e25304d-Audio_SP12,H2,a,a,730.2362246686382,1618.904755135848,1104.23575
2e25304d-Audio_SP12,H2,a,a,856.0582025034754,1709.6282442731551,1105.32875
2e25304d-Audio_SP12,H2,a,a,840.8070165826306,1661.3618856054352,1106.82075
2e25304d-Audio_SP12,H2,a,a,715.7744520374429,1387.6283148628509,1139.3137499999998
2e25304d-Audio_SP12,H2,a,a,735.858644791305,1448.6618241877582,1150.90375
2e25304d-Audio_SP12,H2,a,a,828.1820731986066,1460.6929691575542,1153.40575
2e25304d-Audio_SP12,H2,a,a,880.547325038372,1496.1216058336252,1165.2587500000002
2e25304d-Audio_SP12,H2,a,a,794.1820348991,1585.2119887291506,1169.66575
2e25304d-Audio_SP12,H2,a,a,1042.7672581253114,1813.877679279325,1203.7107500000002
2e25304d-Audio_SP12,H2,a,a,772.0113943350938,1328.3596890601164,1205.65375
2e25304d-Audio_SP12,H2,a,a,708.0814539346828,1680.7690560653,1206.73575
2e25304d-Audio_SP12,H2,a,a,693.6771568020989,1460.0096282634622,1207.09575
2e25304d-Audio_SP12,H2,a,a,782.1784600007339,1733.6086011595537,1242.11575
2e25304d-Audio_SP12,H2,a,a,708.1694864151963,1683.3948771614885,1246.40875
2e25304d-Audio_SP12,H2,a,a,813.0545311662696,1677.0310568779971,1248.23775
2e25304d-Audio_SP12,H2,a,a,787.7888134254509,1519.4271103818744,1248.54775
2e25304d-Audio_SP12,H2,a,a,752.2194780264205,1330.3340059079428,1248.65375
2e25304d-Audio_SP12,H2,a,a,767.0612650679375,1892.8684807812,1272.23275
2e25304d-Audio_SP12,H2,a,a,492.3479775177605,1170.480241918936,1285.63875
2e25304d-Audio_SP12,H2,a,a,847.0370929094818,1447.3635233933649,1292.5927499999998
2e25304d-Audio_SP12,H2,a,a,780.9840783753705,1282.677511424915,1293.08575
2e25304d-Audio_SP12,H2,a,a,859.7919186115196,1851.5042028960029,1298.04575
2e25304d-Audio_SP12,H2,a,a,854.752327048641,1768.285739357476,1300.06775
2e25304d-Audio_SP12,H2,a,a,687.6631267379604,1373.7651240557532,1302.89875
2e25304d-Audio_SP12,H2,a,a,824.4137082180238,1535.037008941691,1303.90875
2e25304d-Audio_SP12,H2,a,a,972.3888345178484,1485.1398455020037,1305.43575
2e25304d-Audio_SP12,H2,a,a,695.6382937128132,2155.409666409271,1308.15875
2e25304d-Audio_SP12,H2,a,a,909.4229179289234,1546.9020368896745,1309.40775
2e25304d-Audio_SP12,H2,a,a,683.3735641981505,1889.795391344896,1313.88575
2e25304d-Audio_SP12,H2,a,a,788.1559052107752,1644.642658424685,1315.17575
2e25304d-Audio_SP12,H2,a,a,839.7879930123469,1604.2338528805842,1315.53775
2e25304d-Audio_SP12,H2,a,a,950.4576414204124,1699.4191794454953,1315.94275
2e25304d-Audio_SP12,H2,a,a,1059.1614129098518,1337.3559740422104,1316.33875
2e25304d-Audio_SP12,H2,a,a,767.8423151891923,1498.4271643265874,1317.0737499999998
2e25304d-Audio_SP12,H2,a,a,774.9615724123164,1666.776457755701,1318.3827499999998
2e25304d-Audio_SP12,H2,a,a,667.950628237025,2059.2309550253303,1319.55575
2e25304d-Audio_SP12,H2,a,a,847.9543655196362,1638.193629289501,1319.72575
2e25304d-Audio_SP12,H2,a,a,726.3700548010052,1827.782858153196,1323.04575
2e25304d-Audio_SP12,H2,a,a,797.9873767611128,1556.1562070329294,1323.44275
2e25304d-Audio_SP12,H2,a,a,632.5044663491022,2252.253611963328,1326.20375
2e25304d-Audio_SP12,H2,a,a,757.7150576316939,1419.0969142998856,1327.22375
2e25304d-Audio_SP12,H2,a,a,878.4339366547349,1745.7614372405938,1332.35575
2e25304d-Audio_SP12,H2,a,a,705.5321285318095,1636.0667104798472,1332.48375
2e25304d-Audio_SP12,H2,a,a,764.6908735982199,1544.0420482938323,1332.5937499999998
2e25304d-Audio_SP12,H2,a,a,799.8725177024371,1615.5539146090134,1349.18575
2e25304d-Audio_SP12,H2,a,a,985.596297855664,1506.49066661487,1350.32575
2e25304d-Audio_SP12,H2,a,a,1038.5799586641915,1826.9540748415848,1351.7077500000005
2e25304d-Audio_SP12,H2,a,a,704.7199217284254,1545.2920454010584,1352.77575
2e25304d-Audio_SP12,H2,a,a,887.3736755720146,1285.2533717213842,1358.6737500000002
2e25304d-Audio_SP12,H2,a,a,1020.6418393454028,1441.080504518039,1359.16375
2e25304d-Audio_SP12,H2,a,a,814.7443899751989,1541.170739448167,1360.11075
2e25304d-Audio_SP12,H2,a,a,775.0502686992205,1505.5672178881196,1376.42875
2e25304d-Audio_SP12,H2,a,a,743.6696589930083,1389.844696107422,1405.35775
2e25304d-Audio_SP12,H2,a,a,794.9246468080065,1590.9557769682426,1406.6607500000002
2e25304d-Audio_SP12,H2,a,a,846.7122670566984,1641.4660006553866,1406.98075
2e25304d-Audio_SP12,H2,a,a,737.4633353503702,1519.8371852603952,1407.57875
2e25304d-Audio_SP12,H2,a,a,984.6727114723022,1787.928854119443,1408.64875
2e25304d-Audio_SP12,H2,a,a,742.6026897422339,2024.1784595017605,1411.8627499999998
2e25304d-Audio_SP12,H2,a,a,829.5377353496558,1584.4360362909194,1412.29575
2e25304d-Audio_SP12,H2,a,a,770.9156002519892,1753.4534918567783,1412.46775
2e25304d-Audio_SP12,H2,a,a,697.7146381647226,1644.343912063748,1413.18575
2e25304d-Audio_SP12,H2,a,a,788.8827472234402,1553.8314598874967,1418.86775
2e25304d-Audio_SP12,H2,a,a,865.7735635507894,1317.913658547629,1418.98575
2e25304d-Audio_SP12,H2,a,a,887.2628416362886,1622.8596820273283,1421.93575
2e25304d-Audio_SP12,H2,a,a,834.5566073653471,1462.0316404254852,1422.57575
2e25304d-Audio_SP12,H2,a,a,818.7297219347024,1806.81343785008,1427.2737499999998
2e25304d-Audio_SP12,H2,a,a,846.4626643710798,1635.3881684022774,1438.16875
2e25304d-Audio_SP12,H2,a,a,682.856167782552,1942.537543731956,1439.08775
2e25304d-Audio_SP12,H2,a,a,901.8257198201172,1512.6608329234173,1442.66475
2e25304d-Audio_SP12,H2,a,a,718.871303397606,1480.08501447566,1446.6227499999998
2e25304d-Audio_SP12,H2,a,a,770.7610799156346,1554.209097395331,1447.12075
2e25304d-Audio_SP12,H2,a,a,878.1008851926275,1284.4105813994672,1448.1127499999998
2e25304d-Audio_SP12,H2,a,a,687.7332524818519,1764.3568123083528,1448.3337499999998
2e25304d-Audio_SP12,H2,a,a,820.173821766694,1687.2536114728096,1500.49375
2e25304d-Audio_SP12,H2,a,a,685.134180429916,1829.7030238928453,1500.72375
2e25304d-Audio_SP12,H2,a,a,633.0375995185335,1870.3951699281552,1500.94375
2e25304d-Audio_SP12,H2,a,a,816.3781324375904,1741.2497165208797,1501.82075
2e25304d-Audio_SP12,H2,a,a,727.2763872582836,1735.6238977144951,1503.16375
2e25304d-Audio_SP12,H2,a,a,678.8299430014557,1825.237665263696,1508.13575
2e25304d-Audio_SP12,H2,a,a,835.7342232005169,1712.922072666763,1508.30775
2e25304d-Audio_SP12,H2,a,a,865.2820755854971,1628.9869081550703,1529.74575
2e25304d-Audio_SP12,H2,a,a,720.5248542454499,1921.0258531076613,1531.5537499999998
2e25304d-Audio_SP12,H2,a,a,680.729936193337,1720.057664332683,1532.3527499999998
2e25304d-Audio_SP12,H2,a,a,735.467317923374,1526.0385974854078,1532.48375
2e25304d-Audio_SP12,H2,a,a,759.867171259579,1212.3576540329632,1532.57575
2e25304d-Audio_SP12,H2,a,a,937.4492669424928,1446.8580540090272,1546.29875
2e25304d-Audio_SP12,H2,a,a,783.872135745531,1868.3108752091728,1546.89575
2e25304d-Audio_SP12,H2,a,a,873.1547334585129,1451.0807405720109,1547.0637499999998
2e25304d-Audio_SP12,H2,a,a,731.0024146884117,2075.2535881750755,1547.47775
2e25304d-Audio_SP12,H2,a,a,882.4661221035581,1317.8145078805137,1550.95775
2e25304d-Audio_SP12,H2,a,a,726.7314811293496,1885.5355586642847,1557.3627499999998
2e25304d-Audio_SP12,H2,a,a,628.770052151975,2016.2007167706847,1557.52575
2e25304d-Audio_SP12,H2,a,a,729.7783073558398,1987.7825535477964,1557.78775
2e25304d-Audio_SP12,H2,a,a,990.493420467908,1828.2077291512624,1558.08875
2e25304d-Audio_SP12,H2,a,a,894.2590812306281,1540.739264726484,1559.52475
2e25304d-Audio_SP12,H2,a,a,985.4810081873936,1499.4827836275454,1560.41275
2e25304d-Audio_SP12,H2,a,a,854.9324410957242,1667.7889641761906,1561.23375
2e25304d-Audio_SP12,H2,a,a,885.7601440435642,1428.265316159035,1561.96375
2e25304d-Audio_SP12,H2,a,a,534.7870930947925,1525.1229615596662,1564.52275
2e25304d-Audio_SP12,H2,a,a,843.3401816066616,1564.9284699743753,1585.22575
2e25304d-Audio_SP12,H2,a,a,619.4655380041896,1860.9776046359216,1638.62875
2e25304d-Audio_SP12,H2,a,a,744.5445108617492,1869.716378475106,1648.09575
2e25304d-Audio_SP12,H2,a,a,959.174769998239,1585.4568782884364,1648.46575
2e25304d-Audio_SP12,H2,a,a,722.1855409382064,1778.4803559170073,1652.20375
2e25304d-Audio_SP12,H2,a,a,731.168322032228,1704.31278639129,1653.27775
2e25304d-Audio_SP12,H2,a,a,1054.6393633825303,1497.0399201594832,1655.65275
2e25304d-Audio_SP12,H2,a,a,844.9732690429944,1827.6608748662984,1657.07575
2e25304d-Audio_SP12,H2,a,a,963.794457596945,1512.5661032702542,1657.65575
2e25304d-Audio_SP12,H2,a,a,714.3882933875734,1662.465421477147,1658.14875
2e25304d-Audio_SP12,H2,a,a,850.289273451634,1534.2889592350518,1658.8527499999998
2e25304d-Audio_SP12,H2,a,a,838.6968768352315,1668.329045342118,1662.16375
2e25304d-Audio_SP12,H2,a,a,710.542494249549,1434.7133769625004,1662.39575
2e25304d-Audio_SP12,H2,a,a,767.4584112796629,1208.4442464096676,1704.75375
2e25304d-Audio_SP12,H2,a,a,750.6861361562717,1744.7723903493925,1724.34775
2e25304d-Audio_SP12,H2,a,a,730.2878057851491,2023.4873584357315,1725.3837499999995
2e25304d-Audio_SP12,H2,a,a,582.5529917274406,2061.404126535824,1756.24375
2e25304d-Audio_SP12,H1,e,e,588.0471088051692,2046.530457660499,16.17375
2e25304d-Audio_SP12,H1,e,e,667.7118876503821,2181.7445041807982,22.56775
2e25304d-Audio_SP12,H1,e,e,568.8984576984066,2073.511383573119,23.58275
2e25304d-Audio_SP12,H1,e,e,605.2187835043957,2089.3581891867107,51.82075
2e25304d-Audio_SP12,H1,e,e,638.0446717965885,1817.8888767282024,52.73375
2e25304d-Audio_SP12,H1,e,e,813.9581816619666,1526.3111053467942,54.71775
2e25304d-Audio_SP12,H1,e,e,527.9160581559155,2308.118190407564,56.28775
2e25304d-Audio_SP12,H1,e,e,717.7324116604484,1749.09203245515,57.09375
2e25304d-Audio_SP12,H1,e,e,755.8704772451445,1550.84729848625,76.08375
2e25304d-Audio_SP12,H1,e,e,540.6758489032657,2004.914691762544,89.93775
2e25304d-Audio_SP12,H1,e,e,550.2950009620994,2099.4209409907016,90.04775
2e25304d-Audio_SP12,H1,e,e,581.4838454635026,2054.7155973284976,105.21775
2e25304d-Audio_SP12,H1,e,e,530.0632091002693,1932.6851439959096,105.86775
2e25304d-Audio_SP12,H1,e,e,562.3203620600868,1938.0876950654776,126.98075
2e25304d-Audio_SP12,H1,e,e,437.51347274186094,1440.3176212895928,134.43274999999997
2e25304d-Audio_SP12,H1,e,e,692.3495087455482,1831.4426541418195,135.24375
2e25304d-Audio_SP12,H1,e,e,636.1206726803305,1790.209407404938,136.53575
2e25304d-Audio_SP12,H1,e,e,635.8627284077529,1827.8440412795408,138.80375
2e25304d-Audio_SP12,H1,e,e,458.2233473641098,2452.2801582311404,156.64875
2e25304d-Audio_SP12,H1,e,e,651.9385982914646,1958.142252704628,161.69375000000002
2e25304d-Audio_SP12,H1,e,e,647.230608967827,1951.650470213385,165.05575
2e25304d-Audio_SP12,H1,e,e,527.4317323596192,1632.5524243020388,165.43275
2e25304d-Audio_SP12,H1,e,e,662.2383638006131,1610.9052392829833,165.90275
2e25304d-Audio_SP12,H1,e,e,650.4310822949539,1871.8877985274755,167.55375
2e25304d-Audio_SP12,H1,e,e,599.9252183639984,2199.4132851145164,167.68075000000002
2e25304d-Audio_SP12,H1,e,e,596.8981479257543,1810.2949278627243,168.73075000000003
2e25304d-Audio_SP12,H1,e,e,591.4529351191834,1907.0202700085304,172.34375000000003
2e25304d-Audio_SP12,H1,e,e,486.543106226519,1892.6713521213808,175.83775
2e25304d-Audio_SP12,H1,e,e,712.9216265205118,1874.5444206331777,186.11275
2e25304d-Audio_SP12,H1,e,e,593.4531856889595,1885.604122101584,204.94875
2e25304d-Audio_SP12,H1,e,e,587.6168096170161,1922.0372728996367,208.71975
2e25304d-Audio_SP12,H1,e,e,507.75798375138737,1883.052808263149,209.82375
2e25304d-Audio_SP12,H1,e,e,486.7031456868894,1828.1606874368,210.12075
2e25304d-Audio_SP12,H1,e,e,644.0962328935224,2298.774008137564,223.56075
2e25304d-Audio_SP12,H1,e,e,581.4151030611955,1790.644415840162,225.79275
2e25304d-Audio_SP12,H1,e,e,600.2360548686827,1733.6461274130145,226.13375
2e25304d-Audio_SP12,H1,e,e,631.4041367795298,1841.324803854922,227.32575
2e25304d-Audio_SP12,H1,e,e,531.1843514425362,2097.475561210546,231.73075
2e25304d-Audio_SP12,H1,e,e,618.1001823573616,1778.13990622482,234.11275
2e25304d-Audio_SP12,H1,e,e,505.96039331711705,1954.3590397122584,234.26575
2e25304d-Audio_SP12,H1,e,e,466.8305109266509,2129.245513756966,235.50375
2e25304d-Audio_SP12,H1,e,e,517.3452774236749,1888.7575311812304,239.65375
2e25304d-Audio_SP12,H1,e,e,664.5288395232177,2041.515963446884,241.07875
2e25304d-Audio_SP12,H1,e,e,283.79074177710186,1901.675332805285,241.56575
2e25304d-Audio_SP12,H1,e,e,608.800223301284,2005.9963589263416,241.99275
2e25304d-Audio_SP12,H1,e,e,495.05423580475855,2363.2852047674805,246.80575
2e25304d-Audio_SP12,H1,e,e,554.6479581008448,2064.004424005785,247.55875
2e25304d-Audio_SP12,H1,e,e,583.2919874691725,1988.3673344212527,273.64374999999995
2e25304d-Audio_SP12,H1,e,e,546.4124705426522,2102.921301777459,275.45275000000004
2e25304d-Audio_SP12,H1,e,e,576.4235479550744,1961.709704446772,275.83075
2e25304d-Audio_SP12,H1,e,e,551.5947349428482,1930.172312820395,278.20275000000004
2e25304d-Audio_SP12,H1,e,e,659.461172355258,2229.289283840454,293.66575
2e25304d-Audio_SP12,H1,e,e,650.381515989939,1961.1691116691816,294.68575
2e25304d-Audio_SP12,H1,e,e,598.6919223977696,2160.6937760073115,298.70875000000007
2e25304d-Audio_SP12,H1,e,e,662.8019890583807,1944.2536700039648,302.57775000000004
2e25304d-Audio_SP12,H1,e,e,612.6680442815643,1815.4945258546488,302.89374999999995
2e25304d-Audio_SP12,H1,e,e,621.4071911105104,1890.16893408486,303.86875
2e25304d-Audio_SP12,H1,e,e,543.629398667126,1761.2642046970202,312.21275
2e25304d-Audio_SP12,H1,e,e,607.3330150157599,1940.386928691115,313.46875
2e25304d-Audio_SP12,H1,e,e,832.2942006656622,1875.6950413705704,315.40075
2e25304d-Audio_SP12,H1,e,e,586.3076642074276,1888.719271765296,321.76575
2e25304d-Audio_SP12,H1,e,e,497.2326694745671,1931.1187894770849,321.89275000000004
2e25304d-Audio_SP12,H1,e,e,466.63195422352993,2096.279270774096,322.31775000000005
2e25304d-Audio_SP12,H1,e,e,407.6454554615513,1885.6764591930887,322.42375
2e25304d-Audio_SP12,H1,e,e,570.9395795600749,1962.3913166802488,337.02775
2e25304d-Audio_SP12,H1,e,e,432.5371362382564,2532.468755491197,357.09375000000006
2e25304d-Audio_SP12,H1,e,e,744.8927534378047,1954.5527496563848,357.93875
2e25304d-Audio_SP12,H1,e,e,450.8862512198351,2055.0657666697634,360.05375
2e25304d-Audio_SP12,H1,e,e,505.6034428047548,1921.6308895705624,361.57575
2e25304d-Audio_SP12,H1,e,e,525.6405814476923,1902.786517622423,362.01775
2e25304d-Audio_SP12,H1,e,e,465.3590880083183,2429.560938023369,363.95575
2e25304d-Audio_SP12,H1,e,e,633.8491806206241,2095.8994131937643,367.67875
2e25304d-Audio_SP12,H1,e,e,577.4089326185842,1781.9348683042397,369.3127500000001
2e25304d-Audio_SP12,H1,e,e,568.4640664001031,1996.0131427846984,370.33375
2e25304d-Audio_SP12,H1,e,e,478.6676192972091,1950.92168491076,388.44375
2e25304d-Audio_SP12,H1,e,e,646.3419288586671,1821.5793828526675,389.61375
2e25304d-Audio_SP12,H1,e,e,537.026120876533,1479.561636546143,400.33275
2e25304d-Audio_SP12,H1,e,e,669.3604834453226,1888.568940957393,400.74375
2e25304d-Audio_SP12,H1,e,e,586.5812208273226,2253.755606015543,416.6157500000001
2e25304d-Audio_SP12,H1,e,e,507.1587347476863,1918.9887453684528,418.7527500000001
2e25304d-Audio_SP12,H1,e,e,598.3775745403541,1871.3980087978512,419.37275000000005
2e25304d-Audio_SP12,H1,e,e,504.32541864513394,1931.4026876460816,422.79575
2e25304d-Audio_SP12,H1,e,e,599.4802409869317,2130.8048886265665,424.19775
2e25304d-Audio_SP12,H1,e,e,590.4232460945973,1934.834147671205,424.63275
2e25304d-Audio_SP12,H1,e,e,560.2408645842445,2070.912498853137,428.43375
2e25304d-Audio_SP12,H1,e,e,586.2040715260883,1704.9483377148588,429.2527500000001
2e25304d-Audio_SP12,H1,e,e,541.6708794627355,1989.010394762218,429.36775000000006
2e25304d-Audio_SP12,H1,e,e,571.0037734858774,2066.0685755479626,429.50875
2e25304d-Audio_SP12,H1,e,e,530.643802918818,1946.6372651524248,437.6927500000001
2e25304d-Audio_SP12,H1,e,e,482.8441457769383,2472.928648560797,439.11875
2e25304d-Audio_SP12,H1,e,e,608.9414099929521,1900.739549746608,439.92875
2e25304d-Audio_SP12,H1,e,e,591.0039781815223,1974.323976514342,444.32575
2e25304d-Audio_SP12,H1,e,e,531.8690740201904,2195.9107214827723,463.90775
2e25304d-Audio_SP12,H1,e,e,1165.9036150373092,2298.916663131669,464.06575
2e25304d-Audio_SP12,H1,e,e,536.6158303320932,2339.3122728224275,464.20075
2e25304d-Audio_SP12,H1,e,e,595.3780076031757,1876.518526830125,467.12575
2e25304d-Audio_SP12,H1,e,e,603.46907224253,2279.597131494774,468.16775
2e25304d-Audio_SP12,H1,e,e,523.5815633432259,1903.181160918891,469.46575
2e25304d-Audio_SP12,H1,e,e,629.4573578225142,2091.496734824341,471.37275000000005
2e25304d-Audio_SP12,H1,e,e,482.16138241623935,1948.078711923583,474.64375
2e25304d-Audio_SP12,H1,e,e,535.4788352508692,2205.936487838901,477.30775
2e25304d-Audio_SP12,H1,e,e,594.7881687214444,1809.2633554581205,479.5627500000001
2e25304d-Audio_SP12,H1,e,e,615.488831888318,1665.304521366258,481.97375
2e25304d-Audio_SP12,H1,e,e,591.0010467131017,1743.6579773915112,482.70375
2e25304d-Audio_SP12,H1,e,e,613.7356408120863,1867.1400845462904,484.08375
2e25304d-Audio_SP12,H1,e,e,549.544394170271,1968.082943704807,486.41575
2e25304d-Audio_SP12,H1,e,e,508.9395842143087,1766.8543032466391,492.18275000000006
2e25304d-Audio_SP12,H1,e,e,740.3226632617271,1740.018358138385,501.72275
2e25304d-Audio_SP12,H1,e,e,584.9034275371524,1917.8779492837425,501.82575
2e25304d-Audio_SP12,H1,e,e,621.4131768821682,1994.870480461029,524.47275
2e25304d-Audio_SP12,H1,e,e,543.6687772671949,2228.295395599917,524.78775
2e25304d-Audio_SP12,H1,e,e,599.2856823740309,2165.440425336016,529.92875
2e25304d-Audio_SP12,H1,e,e,527.6904745710003,2008.6154554215364,530.39575
2e25304d-Audio_SP12,H1,e,e,521.9396616915674,2228.6975677071646,530.6477500000001
2e25304d-Audio_SP12,H1,e,e,524.9787075778883,2138.0313958617844,530.9757500000001
2e25304d-Audio_SP12,H1,e,e,673.0165754506654,2086.3831025641,535.90275
2e25304d-Audio_SP12,H1,e,e,579.2232116111676,1883.5929429312469,537.54275
2e25304d-Audio_SP12,H1,e,e,622.2994331213475,1610.338232051001,541.80575
2e25304d-Audio_SP12,H1,e,e,492.54286537130633,1999.612381798192,544.5837500000001
2e25304d-Audio_SP12,H1,e,e,572.9468711596243,1868.8659549934976,545.1387500000001
2e25304d-Audio_SP12,H1,e,e,574.558399419776,2045.3423157815807,545.42075
2e25304d-Audio_SP12,H1,e,e,503.82705709030273,1896.130490917937,559.6237500000001
2e25304d-Audio_SP12,H1,e,e,586.1449678606471,1893.7466790388828,561.8877500000001
2e25304d-Audio_SP12,H1,e,e,609.1718749423109,2135.396698633788,564.96775
2e25304d-Audio_SP12,H1,e,e,694.4337033011833,2037.735409314664,565.6477500000001
2e25304d-Audio_SP12,H1,e,e,612.8997536390275,1792.1964959075383,567.40275
2e25304d-Audio_SP12,H1,e,e,520.8800655363887,2240.9032303698823,567.83775
2e25304d-Audio_SP12,H1,e,e,534.1869180589264,2428.216231425687,568.4737500000001
2e25304d-Audio_SP12,H1,e,e,505.42590438893086,1874.290518126276,571.03275
2e25304d-Audio_SP12,H1,e,e,539.9546714423656,2104.736733185516,571.5077500000001
2e25304d-Audio_SP12,H1,e,e,510.9767620570655,2106.2529523510825,595.8437500000001
2e25304d-Audio_SP12,H1,e,e,553.2840402655935,2046.5413840471167,598.57075
2e25304d-Audio_SP12,H1,e,e,693.9217724631574,1764.106393302765,599.1277500000001
2e25304d-Audio_SP12,H1,e,e,723.8372496116514,1922.47243409608,605.1237500000001
2e25304d-Audio_SP12,H1,e,e,625.6538849726135,2004.0063597675933,606.2137500000001
2e25304d-Audio_SP12,H1,e,e,637.3633667201121,1850.908146847656,609.55575
2e25304d-Audio_SP12,H1,e,e,659.667996450307,1937.179121921141,634.55375
2e25304d-Audio_SP12,H1,e,e,669.5638600067402,1878.130923872276,636.2387500000001
2e25304d-Audio_SP12,H1,e,e,645.030971170354,1947.5565842047488,650.52575
2e25304d-Audio_SP12,H1,e,e,540.5611429417116,1939.9897995765125,651.9637500000001
2e25304d-Audio_SP12,H1,e,e,515.4555284957239,2014.728958943476,652.8637500000001
2e25304d-Audio_SP12,H1,e,e,778.4592310434067,1490.6128077916153,653.42275
2e25304d-Audio_SP12,H1,e,e,674.8246948463119,2277.8440974558466,654.67775
2e25304d-Audio_SP12,H1,e,e,575.1272060507195,1905.5886183477912,655.87275
2e25304d-Audio_SP12,H1,e,e,625.3909916204661,1986.8609173036496,658.99075
2e25304d-Audio_SP12,H1,e,e,499.69948834162943,1901.3708276093207,659.49575
2e25304d-Audio_SP12,H1,e,e,547.7102706887731,2107.768906374225,660.00775
2e25304d-Audio_SP12,H1,e,e,501.4419032187356,1863.5008195527864,660.48575
2e25304d-Audio_SP12,H1,e,e,664.8095508584712,2031.179445517562,701.7737500000001
2e25304d-Audio_SP12,H1,e,e,484.2227676992309,1817.5427589945489,701.92375
2e25304d-Audio_SP12,H1,e,e,491.28733665496463,2032.2693846874267,702.24575
2e25304d-Audio_SP12,H1,e,e,583.2849740187509,2321.7574461583163,705.80975
2e25304d-Audio_SP12,H1,e,e,574.3070843169075,1974.3694707282416,707.1727500000001
2e25304d-Audio_SP12,H1,e,e,525.7570675824851,2040.833378782365,707.57075
2e25304d-Audio_SP12,H1,e,e,416.11087617718255,1983.714448058964,710.51575
2e25304d-Audio_SP12,H1,e,e,547.9190593948925,2183.477966729832,712.99075
2e25304d-Audio_SP12,H1,e,e,552.8844877186008,2001.7239120092688,714.03075
2e25304d-Audio_SP12,H1,e,e,392.61462002091537,2077.912386811909,718.41375
2e25304d-Audio_SP12,H1,e,e,468.06372927927,1626.6620277530435,718.7157500000001
2e25304d-Audio_SP12,H1,e,e,625.4840598132168,1884.151783031382,719.0627499999999
2e25304d-Audio_SP12,H1,e,e,572.8457614631745,1987.5535602557227,742.70575
2e25304d-Audio_SP12,H1,e,e,720.1875420581887,1962.5609714324005,748.5977500000001
2e25304d-Audio_SP12,H1,e,e,521.5292140502326,1583.3359590899347,749.3537500000001
2e25304d-Audio_SP12,H1,e,e,537.5716870055718,1646.614000237919,751.8537500000001
2e25304d-Audio_SP12,H1,e,e,602.1970632082139,2360.6078504684306,752.0007499999999
2e25304d-Audio_SP12,H1,e,e,671.8699417021577,1902.883386781394,753.16375
2e25304d-Audio_SP12,H1,e,e,461.84277312487126,1935.234277231737,753.76575
2e25304d-Audio_SP12,H1,e,e,532.7289791487681,2357.708267194472,754.5027500000001
2e25304d-Audio_SP12,H1,e,e,469.3887297920506,2092.7217162790016,754.80375
2e25304d-Audio_SP12,H1,e,e,561.3699876587386,2232.083339128167,756.56075
2e25304d-Audio_SP12,H1,e,e,547.3870287482074,2096.8646880793904,757.9427499999999
2e25304d-Audio_SP12,H1,e,e,638.5557712481198,1995.033731108094,758.7637500000001
2e25304d-Audio_SP12,H1,e,e,526.7866614688485,2028.9925840943151,759.9787500000001
2e25304d-Audio_SP12,H1,e,e,678.444644775247,1963.506812446846,761.2787500000001
2e25304d-Audio_SP12,H1,e,e,464.8074832322498,1704.6560607531812,761.66275
2e25304d-Audio_SP12,H1,e,e,767.6222024877053,1893.3290320008027,762.30575
2e25304d-Audio_SP12,H1,e,e,501.6740590796809,2055.805153202676,764.32375
2e25304d-Audio_SP12,H1,e,e,504.03034889280417,1842.4717781984343,773.31575
2e25304d-Audio_SP12,H1,e,e,568.5905442001127,2129.571260247678,774.82075
2e25304d-Audio_SP12,H1,e,e,693.2065793256892,2196.6595529572114,777.6237500000001
2e25304d-Audio_SP12,H1,e,e,685.7588813061732,1991.8696580956373,778.14375
2e25304d-Audio_SP12,H1,e,e,530.6504814955157,2085.547375033219,779.3387500000001
2e25304d-Audio_SP12,H1,e,e,586.9712438901876,2258.9930488596347,780.1087500000001
2e25304d-Audio_SP12,H1,e,e,661.1692308910149,2187.815449119201,781.2787500000001
2e25304d-Audio_SP12,H1,e,e,539.6331013720711,2053.099251693924,783.48575
2e25304d-Audio_SP12,H1,e,e,653.5871810275314,2217.8741781575104,807.69575
2e25304d-Audio_SP12,H1,e,e,670.4266483955682,2117.948388830202,811.58275
2e25304d-Audio_SP12,H1,e,e,488.648601899973,1895.7412929537008,812.29375
2e25304d-Audio_SP12,H1,e,e,515.5559041060363,2451.4861489269,818.68375
2e25304d-Audio_SP12,H1,e,e,560.0143082150506,2289.156070141864,819.16375
2e25304d-Audio_SP12,H1,e,e,597.684396421342,1768.3577818879144,831.9427499999999
2e25304d-Audio_SP12,H1,e,e,709.0855008683316,2119.1820825574573,832.46075
2e25304d-Audio_SP12,H1,e,e,597.6544072208147,1748.074564522205,836.0727499999999
2e25304d-Audio_SP12,H1,e,e,625.9819036069321,2119.9613746089744,837.49275
2e25304d-Audio_SP12,H1,e,e,646.2464183119437,1737.322873735158,839.37775
2e25304d-Audio_SP12,H1,e,e,592.8952459853707,1781.7255598810527,841.4707500000001
2e25304d-Audio_SP12,H1,e,e,597.859211500304,2175.945349130904,862.31575
2e25304d-Audio_SP12,H1,e,e,827.6377277385029,1887.792827330916,863.27775
2e25304d-Audio_SP12,H1,e,e,591.2740787197307,1926.1134771799143,864.0937500000001
2e25304d-Audio_SP12,H1,e,e,520.7474531236014,1912.216738922511,869.25575
2e25304d-Audio_SP12,H1,e,e,732.0160207447199,1822.3964172930555,870.31575
2e25304d-Audio_SP12,H1,e,e,743.0841558906712,1934.3448633550167,873.9177500000001
2e25304d-Audio_SP12,H1,e,e,775.9056443261321,2014.69444546566,879.9387499999999
2e25304d-Audio_SP12,H2,e,e,493.0881482163722,2323.313946892972,897.5627499999999
2e25304d-Audio_SP12,H2,e,e,531.5289615106466,1996.1113321001428,948.86575
2e25304d-Audio_SP12,H2,e,e,599.8932886147547,1909.382121350756,949.54775
2e25304d-Audio_SP12,H2,e,e,623.2839294960205,1979.1878186690408,951.14575
2e25304d-Audio_SP12,H2,e,e,607.44611558135,2179.535777963488,971.70875
2e25304d-Audio_SP12,H2,e,e,633.735075793618,2048.585557573629,980.46775
2e25304d-Audio_SP12,H2,e,e,602.7986459516335,2106.3486963768946,1004.93875
2e25304d-Audio_SP12,H2,e,e,771.6337885113104,2019.8701136848151,1005.35375
2e25304d-Audio_SP12,H2,e,e,571.5608800062491,2180.81346341422,1010.36575
2e25304d-Audio_SP12,H2,e,e,707.6841677315213,2231.252562598072,1011.07375
2e25304d-Audio_SP12,H2,e,e,587.3233314792616,1585.2558666440484,1011.41275
2e25304d-Audio_SP12,H2,e,e,527.5610210764041,2001.1712444155105,1013.83775
2e25304d-Audio_SP12,H2,e,e,660.9843716966084,1938.638129683577,1016.36275
2e25304d-Audio_SP12,H2,e,e,636.7398908264727,1838.496775626,1028.18575
2e25304d-Audio_SP12,H2,e,e,642.0071849147562,1918.3352490553964,1028.3337499999998
2e25304d-Audio_SP12,H2,e,e,638.178098924654,2113.516672726394,1038.25375
2e25304d-Audio_SP12,H2,e,e,572.9095627862841,1782.896207624617,1043.41575
2e25304d-Audio_SP12,H2,e,e,664.3577088084878,2061.686081773995,1054.85875
2e25304d-Audio_SP12,H2,e,e,550.9885595516587,1869.3929558155703,1056.22275
2e25304d-Audio_SP12,H2,e,e,542.9957336265402,2019.7444893427585,1057.65775
2e25304d-Audio_SP12,H2,e,e,614.4583988102871,2021.1517995828096,1058.33775
2e25304d-Audio_SP12,H2,e,e,556.4815306879517,2057.4029379962467,1063.11875
2e25304d-Audio_SP12,H2,e,e,513.0958921468804,1763.535137453662,1063.6427499999998
2e25304d-Audio_SP12,H2,e,e,533.1595635976453,1992.2471637025244,1068.39575
2e25304d-Audio_SP12,H2,e,e,521.2662537692743,2097.6550580580274,1068.73875
2e25304d-Audio_SP12,H2,e,e,566.885248471431,1988.2032358300528,1070.50375
2e25304d-Audio_SP12,H2,e,e,475.6295503013934,2025.0948623516488,1072.38575
2e25304d-Audio_SP12,H2,e,e,510.9921650271739,2045.562844842314,1074.33775
2e25304d-Audio_SP12,H2,e,e,440.1132385275824,1990.073495847756,1081.5137499999998
2e25304d-Audio_SP12,H2,e,e,641.1395239349183,1700.996876088236,1083.5437499999998
2e25304d-Audio_SP12,H2,e,e,566.2534076595433,1871.0297156284653,1103.95375
2e25304d-Audio_SP12,H2,e,e,646.6525441851572,2099.207779616432,1105.08775
2e25304d-Audio_SP12,H2,e,e,444.0820743563641,2291.779210313059,1111.3827499999998
2e25304d-Audio_SP12,H2,e,e,624.5947635814474,2013.3225284374844,1147.14575
2e25304d-Audio_SP12,H2,e,e,534.7331639414911,1954.413220783372,1151.6037499999998
2e25304d-Audio_SP12,H2,e,e,474.2195258887224,2040.0676448220893,1170.96875
2e25304d-Audio_SP12,H2,e,e,818.8556466624916,2068.4052531478114,1203.90775
2e25304d-Audio_SP12,H2,e,e,539.1599164763071,2011.792914684306,1204.50775
2e25304d-Audio_SP12,H2,e,e,525.5991977555084,1820.391514304834,1205.33775
2e25304d-Audio_SP12,H2,e,e,564.6561186748356,1891.8819078207296,1211.23775
2e25304d-Audio_SP12,H2,e,e,754.9184060727354,1351.0449442493791,1246.0937499999998
2e25304d-Audio_SP12,H2,e,e,694.4422579983157,2060.4271039921973,1246.83775
2e25304d-Audio_SP12,H2,e,e,565.1434595113793,2209.540050566384,1247.23275
2e25304d-Audio_SP12,H2,e,e,357.6348297259545,1894.1462043461925,1247.43275
2e25304d-Audio_SP12,H2,e,e,781.7425697898524,2196.9726341627816,1269.18575
2e25304d-Audio_SP12,H2,e,e,543.6309918114122,2346.6307554910577,1269.99075
2e25304d-Audio_SP12,H2,e,e,474.9933988063856,2323.9856382412527,1271.90775
2e25304d-Audio_SP12,H2,e,e,440.4106136451063,2251.312027794083,1272.1027499999998
2e25304d-Audio_SP12,H2,e,e,475.8425885111417,2070.317218382222,1272.7007500000002
2e25304d-Audio_SP12,H2,e,e,569.7229431957529,1762.7586397971554,1273.42875
2e25304d-Audio_SP12,H2,e,e,591.256816717165,1576.185459705427,1273.72375
2e25304d-Audio_SP12,H2,e,e,587.6449392019806,2009.3401675231264,1290.90375
2e25304d-Audio_SP12,H2,e,e,457.4966513738048,2083.11814721227,1292.69375
2e25304d-Audio_SP12,H2,e,e,715.6982041235176,2246.100761314352,1293.20875
2e25304d-Audio_SP12,H2,e,e,723.7991734972007,1769.3141981600431,1294.43375
2e25304d-Audio_SP12,H2,e,e,612.2710491886128,1669.1385055303338,1294.7737499999998
2e25304d-Audio_SP12,H2,e,e,583.3076106194676,2222.8847010808568,1294.99275
2e25304d-Audio_SP12,H2,e,e,613.5050211664692,2115.7752388124213,1295.79575
2e25304d-Audio_SP12,H2,e,e,595.7552319937784,2140.4551214666767,1297.45375
2e25304d-Audio_SP12,H2,e,e,534.0482138206409,2425.3416221854004,1301.57775
2e25304d-Audio_SP12,H2,e,e,537.2300544627441,2081.774981008272,1302.40775
2e25304d-Audio_SP12,H2,e,e,504.2870363851394,2233.6871158720323,1302.58575
2e25304d-Audio_SP12,H2,e,e,453.0631243752756,2048.925357072821,1319.0637499999998
2e25304d-Audio_SP12,H2,e,e,684.0965964180732,2130.0398125974684,1321.2637499999998
2e25304d-Audio_SP12,H2,e,e,551.4127320402622,2006.8314069792928,1321.93575
2e25304d-Audio_SP12,H2,e,e,666.0905858247891,1771.141993548367,1323.7637499999998
2e25304d-Audio_SP12,H2,e,e,796.1947361941823,1909.9632151571384,1325.19775
2e25304d-Audio_SP12,H2,e,e,570.6777655625217,1685.7688765698194,1325.6327499999998
2e25304d-Audio_SP12,H2,e,e,507.2543550881689,2026.085175760348,1349.92375
2e25304d-Audio_SP12,H2,e,e,533.8478748798511,1958.4615099500763,1356.12775
2e25304d-Audio_SP12,H2,e,e,661.9886393843196,2056.496635141816,1360.3537499999998
2e25304d-Audio_SP12,H2,e,e,661.4348263853394,1900.1790206136864,1408.89375
2e25304d-Audio_SP12,H2,e,e,541.6379004645145,1851.8261596605769,1409.3437499999998
2e25304d-Audio_SP12,H2,e,e,533.0097211061947,1502.712703439384,1412.69375
2e25304d-Audio_SP12,H2,e,e,578.9200421475417,2178.1880933950883,1413.45575
2e25304d-Audio_SP12,H2,e,e,538.3014934895342,1949.3036470011125,1417.50575
2e25304d-Audio_SP12,H2,e,e,551.4781235499393,2115.092749900856,1421.8137499999998
2e25304d-Audio_SP12,H2,e,e,445.5547876100396,1900.692238054084,1439.70575
2e25304d-Audio_SP12,H2,e,e,685.8238049681692,2145.620034495313,1440.0007500000002
2e25304d-Audio_SP12,H2,e,e,591.0948777338161,2016.9388241372783,1444.86375
2e25304d-Audio_SP12,H2,e,e,672.8811585918055,1675.1553859557666,1447.2737499999998
2e25304d-Audio_SP12,H2,e,e,593.9815860130971,2007.539694401069,1492.90375
2e25304d-Audio_SP12,H2,e,e,600.427589071166,2071.932930826933,1494.1227499999998
2e25304d-Audio_SP12,H2,e,e,493.06341503309136,2116.7769835124845,1501.17575
2e25304d-Audio_SP12,H2,e,e,819.3778618257132,2198.774258187126,1501.96875
2e25304d-Audio_SP12,H2,e,e,530.4882855282186,2067.331713690079,1504.11875
2e25304d-Audio_SP12,H2,e,e,573.7569175576081,2170.8529099299817,1504.23375
2e25304d-Audio_SP12,H2,e,e,590.4345262696612,1750.04383149017,1505.3427499999998
2e25304d-Audio_SP12,H2,e,e,509.3821183215998,1864.3451476378589,1507.6237499999995
2e25304d-Audio_SP12,H2,e,e,659.451431556644,1873.2803124375323,1509.50875
2e25304d-Audio_SP12,H2,e,e,718.112925538771,2501.037335865435,1531.1027499999998
2e25304d-Audio_SP12,H2,e,e,492.9079500818524,2327.6286878848705,1531.28375
2e25304d-Audio_SP12,H2,e,e,575.4282840592135,1827.855689756943,1544.8437499999998
2e25304d-Audio_SP12,H2,e,e,560.8232187902008,1891.511157863912,1546.6337499999995
2e25304d-Audio_SP12,H2,e,e,526.8928183728513,2045.089909651545,1546.7737499999998
2e25304d-Audio_SP12,H2,e,e,661.7338818564245,1995.9861061621864,1547.9387500000005
2e25304d-Audio_SP12,H2,e,e,519.7036320806011,1906.244709452332,1550.23575
2e25304d-Audio_SP12,H2,e,e,552.3395399291893,2333.226427697548,1557.24375
2e25304d-Audio_SP12,H2,e,e,313.6816558258444,1860.035883210396,1580.48575
2e25304d-Audio_SP12,H2,e,e,624.8220006595578,1620.7946589408944,1585.03775
2e25304d-Audio_SP12,H2,e,e,634.7619573477556,2207.364137320121,1599.02575
2e25304d-Audio_SP12,H2,e,e,436.2371127843288,1802.6618164124648,1600.13775
2e25304d-Audio_SP12,H2,e,e,558.3565783891405,1891.264077339869,1638.35775
2e25304d-Audio_SP12,H2,e,e,774.8749514784048,1442.5476640582667,1642.16275
2e25304d-Audio_SP12,H2,e,e,553.5415535078122,1881.528191192872,1642.97775
2e25304d-Audio_SP12,H2,e,e,468.777148226647,1478.5284741912487,1644.1027499999998
2e25304d-Audio_SP12,H2,e,e,612.3142837652242,1972.9900784783213,1645.08575
2e25304d-Audio_SP12,H2,e,e,487.96983478647553,1993.727801912218,1651.53275
2e25304d-Audio_SP12,H2,e,e,441.85180777212776,2426.590341248344,1651.80775
2e25304d-Audio_SP12,H2,e,e,553.5673145081524,2313.5961132870466,1654.8227499999998
2e25304d-Audio_SP12,H2,e,e,563.0781331573256,2092.0979001940364,1656.3437499999998
2e25304d-Audio_SP12,H2,e,e,509.0323563584874,1931.2069794784384,1656.5437499999998
2e25304d-Audio_SP12,H2,e,e,465.5325985555135,1943.6323509799715,1723.9907500000002
2e25304d-Audio_SP12,H2,e,e,670.520536341327,2134.951115481781,1724.51575
2e25304d-Audio_SP12,H2,e,e,479.10541764437977,2613.660278956437,1726.3327499999998
2e25304d-Audio_SP12,H1,o,o,543.4521078869248,1009.9264877423606,16.587749999999996
2e25304d-Audio_SP12,H1,o,o,633.6683279014029,1595.6226554463385,17.02375
2e25304d-Audio_SP12,H1,o,o,759.8327192988685,1698.7195874493077,21.20775
2e25304d-Audio_SP12,H1,o,o,673.8713506351004,1081.0043511741042,22.37075
2e25304d-Audio_SP12,H1,o,o,544.545182351416,1872.291708153762,25.08375
2e25304d-Audio_SP12,H1,o,o,686.9235101083518,1833.7534867489303,49.18375
2e25304d-Audio_SP12,H1,o,o,588.6887203659625,1952.5977684303807,53.77275
2e25304d-Audio_SP12,H1,o,o,638.7570022501468,1357.230988038193,73.67774999999999
2e25304d-Audio_SP12,H1,o,o,463.0788460525271,934.3879845488748,73.75574999999999
2e25304d-Audio_SP12,H1,o,o,658.2905900066231,1408.951248520181,77.99375
2e25304d-Audio_SP12,H1,o,o,676.4562930337761,1094.295932194871,79.12275
2e25304d-Audio_SP12,H1,o,o,556.6584305783459,934.0812497031128,84.13374999999999
2e25304d-Audio_SP12,H1,o,o,497.4506473378419,711.1504776039992,84.25875
2e25304d-Audio_SP12,H1,o,o,768.5389981862235,1419.9479433339525,87.01575
2e25304d-Audio_SP12,H1,o,o,572.8382591388183,963.3080576871022,90.73275
2e25304d-Audio_SP12,H1,o,o,839.1531034074637,1252.129978768624,111.67775
2e25304d-Audio_SP12,H1,o,o,579.3488296816809,1562.823697395769,112.67575
2e25304d-Audio_SP12,H1,o,o,645.6685808911654,1263.6755287387396,115.06875
2e25304d-Audio_SP12,H1,o,o,495.8720052016057,808.6277122312592,115.16275
2e25304d-Audio_SP12,H1,o,o,768.3027548711093,1448.5627855994237,127.56875
2e25304d-Audio_SP12,H1,o,o,536.1184038445701,955.9129933287016,134.80274999999995
2e25304d-Audio_SP12,H1,o,o,403.544903232976,1397.8642027445014,156.47375
2e25304d-Audio_SP12,H1,o,o,560.4212635360378,1306.5214813138869,157.44375
2e25304d-Audio_SP12,H1,o,o,653.5896135922605,1633.7459723330824,160.47375000000002
2e25304d-Audio_SP12,H1,o,o,573.7034443606402,1083.4562691221854,168.58375
2e25304d-Audio_SP12,H1,o,o,879.0730993855082,961.2468186840072,171.03074999999998
2e25304d-Audio_SP12,H1,o,o,649.7624102199125,1353.792175851505,173.51875
2e25304d-Audio_SP12,H1,o,o,721.492981914374,1393.1383855497145,174.86775000000003
2e25304d-Audio_SP12,H1,o,o,660.9355700256898,1718.0759332914752,184.98275
2e25304d-Audio_SP12,H1,o,o,654.8508996972216,1573.822409330492,185.73575
2e25304d-Audio_SP12,H1,o,o,562.8142928790625,874.4947567052001,185.86275
2e25304d-Audio_SP12,H1,o,o,581.6615153107562,1002.0107844638668,186.90375
2e25304d-Audio_SP12,H1,o,o,608.4961748348977,1410.7284124292253,190.48275
2e25304d-Audio_SP12,H1,o,o,570.6898037945714,1014.670955097214,204.55875
2e25304d-Audio_SP12,H1,o,o,575.9959328433674,1350.5290454758044,208.29375
2e25304d-Audio_SP12,H1,o,o,599.0250395212516,1225.4525850377674,226.65075
2e25304d-Audio_SP12,H1,o,o,632.5425282826907,1044.596679444058,227.95075
2e25304d-Audio_SP12,H1,o,o,632.613931314332,1054.7646334968076,230.08075
2e25304d-Audio_SP12,H1,o,o,638.3741712744213,1243.353862740708,230.51375
2e25304d-Audio_SP12,H1,o,o,754.334911724919,1222.9221826372616,231.38775
2e25304d-Audio_SP12,H1,o,o,512.7029131425619,1081.3953945860237,233.40875
2e25304d-Audio_SP12,H1,o,o,611.7834543092996,1288.7914904526383,233.73275
2e25304d-Audio_SP12,H1,o,o,615.2904115500389,1101.4273705395651,234.54875
2e25304d-Audio_SP12,H1,o,o,944.1229901662856,1932.624308922669,236.76075
2e25304d-Audio_SP12,H1,o,o,628.2584638650018,1315.6771871101903,240.07275
2e25304d-Audio_SP12,H1,o,o,578.7321673336703,1655.505444070287,248.44375
2e25304d-Audio_SP12,H1,o,o,723.1401374896343,1797.1732634068037,272.30275
2e25304d-Audio_SP12,H1,o,o,780.273957972411,1323.6336953320422,273.17375000000004
2e25304d-Audio_SP12,H1,o,o,594.2146722885278,1070.100888902973,276.07575
2e25304d-Audio_SP12,H1,o,o,613.004048360178,1113.3134022479192,303.43875
2e25304d-Audio_SP12,H1,o,o,635.1553915259425,1445.1839748127286,313.26375
2e25304d-Audio_SP12,H1,o,o,681.6004411350578,1747.760194699703,314.88375
2e25304d-Audio_SP12,H1,o,o,633.128067285705,1288.0775286538262,320.89375
2e25304d-Audio_SP12,H1,o,o,486.3195902924936,938.9337966977696,322.59374999999994
2e25304d-Audio_SP12,H1,o,o,813.358811313407,1705.7281500756078,338.17575
2e25304d-Audio_SP12,H1,o,o,514.3501263224347,1944.1759974250804,367.45375
2e25304d-Audio_SP12,H1,o,o,762.4072834808912,1177.48460908727,368.07375
2e25304d-Audio_SP12,H1,o,o,943.7931046675748,1672.369714711952,389.04275
2e25304d-Audio_SP12,H1,o,o,508.39052176139126,1215.194253299917,390.07775
2e25304d-Audio_SP12,H1,o,o,747.8683194117634,937.6546735930308,390.42875
2e25304d-Audio_SP12,H1,o,o,646.306106352859,1371.0588110279016,391.05375
2e25304d-Audio_SP12,H1,o,o,686.4983366362496,1623.2637099084416,399.80375
2e25304d-Audio_SP12,H1,o,o,675.7745669215293,1232.319732332476,417.82075
2e25304d-Audio_SP12,H1,o,o,640.2848254067017,1265.7875247022575,418.4427500000001
2e25304d-Audio_SP12,H1,o,o,794.1040597495595,1044.804985185673,419.72375000000005
2e25304d-Audio_SP12,H1,o,o,695.1667980507173,1052.7206666920515,420.14275
2e25304d-Audio_SP12,H1,o,o,496.46624562764697,1019.9930483329672,429.15375
2e25304d-Audio_SP12,H1,o,o,750.7873565040989,1485.3651476069551,431.40875
2e25304d-Audio_SP12,H1,o,o,613.2580371692299,1204.0010588299072,434.57375
2e25304d-Audio_SP12,H1,o,o,686.0203625156475,1062.3913306691402,436.28775
2e25304d-Audio_SP12,H1,o,o,706.5985325128078,1481.8086958442518,436.72275
2e25304d-Audio_SP12,H1,o,o,626.0022134728562,1102.3352506993792,438.13375
2e25304d-Audio_SP12,H1,o,o,628.3297621546919,1374.1326261515978,440.18275000000006
2e25304d-Audio_SP12,H1,o,o,703.3771968802686,1051.889059112597,441.33375
2e25304d-Audio_SP12,H1,o,o,618.7711296735001,1586.97807029875,441.68375
2e25304d-Audio_SP12,H1,o,o,511.5137851279573,1460.5922440058682,443.34275
2e25304d-Audio_SP12,H1,o,o,592.0907667276709,1536.59200522085,443.85374999999993
2e25304d-Audio_SP12,H1,o,o,582.3784208793033,1435.8304833338857,467.86375
2e25304d-Audio_SP12,H1,o,o,635.8819225686559,1860.3085914209864,473.8127500000001
2e25304d-Audio_SP12,H1,o,o,763.6214155645154,1759.8049668735996,479.18275000000006
2e25304d-Audio_SP12,H1,o,o,694.924241564148,1115.725797913567,481.88375
2e25304d-Audio_SP12,H1,o,o,564.7549056086833,1041.7682470038076,482.93875
2e25304d-Audio_SP12,H1,o,o,637.592012569904,1019.9523925177182,484.44075
2e25304d-Audio_SP12,H1,o,o,749.7622966902208,1159.8353898246442,484.76975
2e25304d-Audio_SP12,H1,o,o,845.9323723406593,1522.6701846346778,522.44075
2e25304d-Audio_SP12,H1,o,o,809.3064810156126,950.7008747614348,526.0077500000001
2e25304d-Audio_SP12,H1,o,o,823.4225890034222,1795.4797923079996,529.24075
2e25304d-Audio_SP12,H1,o,o,597.9451234106494,1545.773491360446,542.44075
2e25304d-Audio_SP12,H1,o,o,564.2025307761248,1212.409951131012,542.9837500000001
2e25304d-Audio_SP12,H1,o,o,607.2234068068482,1436.7515828154187,543.53275
2e25304d-Audio_SP12,H1,o,o,631.584234355277,1105.6765371535616,544.9027500000001
2e25304d-Audio_SP12,H1,o,o,672.7430025288393,1509.6691612109305,559.18575
2e25304d-Audio_SP12,H1,o,o,664.7986923124045,1071.2975019530595,560.1627500000001
2e25304d-Audio_SP12,H1,o,o,586.7635725486821,1094.8836371970756,563.64075
2e25304d-Audio_SP12,H1,o,o,681.4991118209297,1143.1214542871498,567.07575
2e25304d-Audio_SP12,H1,o,o,707.7429259053209,1614.1844475539144,595.49775
2e25304d-Audio_SP12,H1,o,o,644.3951561864152,1097.335075097991,596.0037500000001
2e25304d-Audio_SP12,H1,o,o,496.24231141604713,985.1262835854636,606.5287500000001
2e25304d-Audio_SP12,H1,o,o,706.8132310084353,1465.0884800171414,607.01575
2e25304d-Audio_SP12,H1,o,o,745.5107965889994,1233.7247109910986,608.25975
2e25304d-Audio_SP12,H1,o,o,614.888925567753,1643.1267294527088,609.1437500000001
2e25304d-Audio_SP12,H1,o,o,644.0800527543365,1356.4096806096338,609.91075
2e25304d-Audio_SP12,H1,o,o,806.1373685643982,1249.6835509028913,611.80275
2e25304d-Audio_SP12,H1,o,o,672.1903074977355,1302.6990067999525,612.2437500000001
2e25304d-Audio_SP12,H1,o,o,712.256243034677,1271.7593009259665,633.82275
2e25304d-Audio_SP12,H1,o,o,625.5570525876682,1877.9546443063607,649.74075
2e25304d-Audio_SP12,H1,o,o,676.9082007488856,1121.51106084026,653.30275
2e25304d-Audio_SP12,H1,o,o,759.0046089091895,1531.9965151121153,654.2207500000001
2e25304d-Audio_SP12,H1,o,o,615.6974849673928,1247.6973996680529,658.31075
2e25304d-Audio_SP12,H1,o,o,464.58737828312735,1350.2125220884204,662.1537500000001
2e25304d-Audio_SP12,H1,o,o,674.6621742553375,1317.6549844262622,674.0857500000001
2e25304d-Audio_SP12,H1,o,o,647.6512326102225,1245.866783690997,674.72875
2e25304d-Audio_SP12,H1,o,o,480.8761951392097,1022.970961138026,675.3457500000001
2e25304d-Audio_SP12,H1,o,o,608.2035335145708,1061.4367871269535,706.3837500000001
2e25304d-Audio_SP12,H1,o,o,678.264567917718,1384.1264396808783,711.88075
2e25304d-Audio_SP12,H1,o,o,633.4828106563025,1264.9010271133236,716.26075
2e25304d-Audio_SP12,H1,o,o,540.2394300133539,1002.5360157086412,717.35775
2e25304d-Audio_SP12,H1,o,o,631.3407631839677,1076.7897764498014,739.16775
2e25304d-Audio_SP12,H1,o,o,594.5564110487186,1010.1863389784052,748.91275
2e25304d-Audio_SP12,H1,o,o,785.2179749392276,1510.4675751950365,749.66575
2e25304d-Audio_SP12,H1,o,o,670.3047622078499,1049.5177549848622,751.78575
2e25304d-Audio_SP12,H1,o,o,677.996199221254,1550.9077790647318,752.6187500000001
2e25304d-Audio_SP12,H1,o,o,545.807727197923,1370.941003488654,755.40575
2e25304d-Audio_SP12,H1,o,o,571.5907512148701,1520.6104736186026,761.91375
2e25304d-Audio_SP12,H1,o,o,648.561294438761,1167.5569892425494,765.1827499999999
2e25304d-Audio_SP12,H1,o,o,526.8048039148172,1195.8748923720293,771.5857500000001
2e25304d-Audio_SP12,H1,o,o,706.0566187759197,1541.2241057208198,771.7727500000001
2e25304d-Audio_SP12,H1,o,o,650.7697697465485,1185.2811950762027,772.74575
2e25304d-Audio_SP12,H1,o,o,715.6397066204104,1952.6175364322287,774.04575
2e25304d-Audio_SP12,H1,o,o,604.4085470349285,1196.5523820206408,780.8787500000001
2e25304d-Audio_SP12,H1,o,o,676.7578037652415,1687.9232938939408,807.35775
2e25304d-Audio_SP12,H1,o,o,536.8889157197059,1766.9554602382618,812.66275
2e25304d-Audio_SP12,H1,o,o,655.9231228909957,1690.559150266566,813.19375
2e25304d-Audio_SP12,H1,o,o,711.3733485131642,1799.235829925855,815.16275
2e25304d-Audio_SP12,H1,o,o,775.1728095407186,1111.3845594847355,817.4037500000001
2e25304d-Audio_SP12,H1,o,o,804.002611992185,1249.4986357512948,833.11775
2e25304d-Audio_SP12,H1,o,o,616.0477895939767,984.0613844694308,838.8337500000001
2e25304d-Audio_SP12,H1,o,o,646.2703493147314,1140.0432552070292,840.6537500000001
2e25304d-Audio_SP12,H1,o,o,604.0465977564041,1499.641085974824,857.43375
2e25304d-Audio_SP12,H1,o,o,646.455504246311,1381.306672627885,857.80075
2e25304d-Audio_SP12,H1,o,o,521.8235681009282,981.2946046996442,859.30775
2e25304d-Audio_SP12,H1,o,o,618.7223826165774,1103.9038587619036,862.79875
2e25304d-Audio_SP12,H1,o,o,569.2800315781473,1000.3503067328616,867.05375
2e25304d-Audio_SP12,H1,o,o,731.630308290429,1721.4771637596257,867.29275
2e25304d-Audio_SP12,H1,o,o,621.61239674167,1062.5272802444977,868.3587500000001
2e25304d-Audio_SP12,H1,o,o,607.0572246384605,1083.0960691976356,869.38575
2e25304d-Audio_SP12,H1,o,o,598.2888799714602,1097.4603635341437,870.56075
2e25304d-Audio_SP12,H1,o,o,683.6522006742314,1477.4107976213616,872.8437500000001
2e25304d-Audio_SP12,H1,o,o,580.6739024049416,1692.6215875964608,873.2437500000001
2e25304d-Audio_SP12,H1,o,o,496.5633617352779,1196.0194231521016,873.55575
2e25304d-Audio_SP12,H2,o,o,610.1838649691605,995.7330605640876,883.64375
2e25304d-Audio_SP12,H2,o,o,757.0518916325194,1128.605358835452,899.00775
2e25304d-Audio_SP12,H2,o,o,642.9387471622475,1536.8865292944156,902.22575
2e25304d-Audio_SP12,H2,o,o,1080.635038643609,1400.672974379351,904.80375
2e25304d-Audio_SP12,H2,o,o,605.208193778428,1311.6001358705369,905.76075
2e25304d-Audio_SP12,H2,o,o,691.576712320638,1033.8810538981224,907.28575
2e25304d-Audio_SP12,H2,o,o,664.7505625516043,1910.65087708546,948.20775
2e25304d-Audio_SP12,H2,o,o,676.2500847499119,1263.9888404795258,948.52775
2e25304d-Audio_SP12,H2,o,o,730.8514469936237,1921.2987018379288,1004.30275
2e25304d-Audio_SP12,H2,o,o,594.3470465818494,1259.1426573177876,1004.49775
2e25304d-Audio_SP12,H2,o,o,787.7766800726644,1293.0473955652546,1005.78275
2e25304d-Audio_SP12,H2,o,o,642.7614211824069,1508.5153034089128,1005.96575
2e25304d-Audio_SP12,H2,o,o,597.8984354697541,1383.8381568905538,1006.14775
2e25304d-Audio_SP12,H2,o,o,964.0655198623076,1166.8945322644454,1006.61375
2e25304d-Audio_SP12,H2,o,o,696.4127009099319,1157.580802015198,1007.68275
2e25304d-Audio_SP12,H2,o,o,697.0279241888812,1117.5827339995456,1010.52775
2e25304d-Audio_SP12,H2,o,o,819.8632599366146,1259.3475054287994,1013.02575
2e25304d-Audio_SP12,H2,o,o,674.097472100808,1380.466035854079,1015.48775
2e25304d-Audio_SP12,H2,o,o,505.3929375824426,1358.115765050252,1016.55375
2e25304d-Audio_SP12,H2,o,o,570.5907874122688,1189.0185589686398,1018.83375
2e25304d-Audio_SP12,H2,o,o,574.3904647196168,1682.358186640647,1022.56275
2e25304d-Audio_SP12,H2,o,o,655.3290765382507,910.7906808140564,1023.44075
2e25304d-Audio_SP12,H2,o,o,649.4015141755584,1311.7598351450542,1026.77275
2e25304d-Audio_SP12,H2,o,o,738.1041801362044,1715.788541027368,1037.3827499999998
2e25304d-Audio_SP12,H2,o,o,660.719114706531,1237.7356874070738,1039.19575
2e25304d-Audio_SP12,H2,o,o,712.4511280756603,1280.0122006095232,1039.8527499999998
2e25304d-Audio_SP12,H2,o,o,594.3248773832372,1808.4273920347737,1054.17575
2e25304d-Audio_SP12,H2,o,o,697.327244097639,1330.320028253039,1062.78075
2e25304d-Audio_SP12,H2,o,o,778.3535181681166,1415.7374648555196,1067.1907500000002
2e25304d-Audio_SP12,H2,o,o,642.0674310967695,1509.604380594115,1070.1237499999995
2e25304d-Audio_SP12,H2,o,o,556.7870284126312,1219.6415940336558,1070.93375
2e25304d-Audio_SP12,H2,o,o,688.1861232779162,1475.636502247969,1072.88575
2e25304d-Audio_SP12,H2,o,o,646.096993246042,1187.5394697455913,1074.6037499999998
2e25304d-Audio_SP12,H2,o,o,633.1246861284392,1858.263318531456,1077.43375
2e25304d-Audio_SP12,H2,o,o,722.664632641428,1758.230461261631,1078.03575
2e25304d-Audio_SP12,H2,o,o,685.9157532420468,1123.2966654012869,1079.88575
2e25304d-Audio_SP12,H2,o,o,634.2300808664654,1110.334685680527,1106.07575
2e25304d-Audio_SP12,H2,o,o,655.7568086037397,1048.116275480411,1107.63575
2e25304d-Audio_SP12,H2,o,o,643.4589005367696,1727.0663472572105,1139.16775
2e25304d-Audio_SP12,H2,o,o,510.2151532986488,1421.897952691691,1139.73575
2e25304d-Audio_SP12,H2,o,o,623.1438479862759,1414.6593230822618,1140.0737499999998
2e25304d-Audio_SP12,H2,o,o,731.5204577225829,1293.8516758650112,1146.32375
2e25304d-Audio_SP12,H2,o,o,590.8795615052354,925.9747852792136,1146.77375
2e25304d-Audio_SP12,H2,o,o,567.0751692672592,1429.712339465863,1152.56575
2e25304d-Audio_SP12,H2,o,o,735.1369762981192,1192.8885971340826,1153.06075
2e25304d-Audio_SP12,H2,o,o,557.3434100748258,879.0998621784505,1164.7307500000002
2e25304d-Audio_SP12,H2,o,o,688.2134995948205,1138.4435888348653,1168.12575
2e25304d-Audio_SP12,H2,o,o,613.0249668513685,1791.2087582925672,1208.52775
2e25304d-Audio_SP12,H2,o,o,612.4165937146461,1167.6916735712537,1210.8037499999998
2e25304d-Audio_SP12,H2,o,o,588.4031200618408,1651.2938906215284,1246.28575
2e25304d-Audio_SP12,H2,o,o,452.09426525904775,1072.4395243160322,1257.1337499999995
2e25304d-Audio_SP12,H2,o,o,527.2284423381584,1976.0348749024145,1272.8727499999998
2e25304d-Audio_SP12,H2,o,o,621.7444388158284,1187.9191472034315,1273.28275
2e25304d-Audio_SP12,H2,o,o,782.6764397010136,1325.758892127587,1286.17375
2e25304d-Audio_SP12,H2,o,o,634.4488911881141,1058.9373021580186,1291.53575
2e25304d-Audio_SP12,H2,o,o,684.0414596070272,1329.8124969026053,1293.0137499999998
2e25304d-Audio_SP12,H2,o,o,588.5753667304596,1349.7902906603608,1294.25375
2e25304d-Audio_SP12,H2,o,o,690.5260450826381,1056.1407204739758,1295.42275
2e25304d-Audio_SP12,H2,o,o,546.8143248266452,864.1045456671,1295.52875
2e25304d-Audio_SP12,H2,o,o,660.7482954378014,1468.8932702911145,1303.46875
2e25304d-Audio_SP12,H2,o,o,603.4670897634007,866.2404412868173,1312.11375
2e25304d-Audio_SP12,H2,o,o,629.1162561825092,1166.5544641861488,1320.62775
2e25304d-Audio_SP12,H2,o,o,516.9345281427303,1015.1434654708348,1320.70375
2e25304d-Audio_SP12,H2,o,o,596.1343101973941,1213.8756803664778,1321.60075
2e25304d-Audio_SP12,H2,o,o,784.3507009917308,988.8502219462646,1330.1427499999998
2e25304d-Audio_SP12,H2,o,o,687.8342819553055,970.8047668180808,1331.66375
2e25304d-Audio_SP12,H2,o,o,605.3214367701537,1115.5332397120717,1332.11775
2e25304d-Audio_SP12,H2,o,o,563.8141591417406,1777.847870952737,1348.8427499999998
2e25304d-Audio_SP12,H2,o,o,753.1057620010649,1161.3141044791105,1349.36775
2e25304d-Audio_SP12,H2,o,o,873.9227959669272,1491.6903287769862,1349.7637499999998
2e25304d-Audio_SP12,H2,o,o,676.4683766243957,1229.6758151492322,1353.17775
2e25304d-Audio_SP12,H2,o,o,677.5278663163623,1119.2674201953623,1356.6387499999998
2e25304d-Audio_SP12,H2,o,o,773.5896098773974,1782.6005926564726,1405.20575
2e25304d-Audio_SP12,H2,o,o,733.3564984772091,1214.374074658727,1406.02575
2e25304d-Audio_SP12,H2,o,o,578.1421889696287,1039.9592329011166,1409.6707500000002
2e25304d-Audio_SP12,H2,o,o,664.138050993848,1037.6144141915518,1410.16575
2e25304d-Audio_SP12,H2,o,o,719.3884482916837,1169.000806059754,1413.93775
2e25304d-Audio_SP12,H2,o,o,802.3025020890193,1272.7444700926144,1416.69875
2e25304d-Audio_SP12,H2,o,o,950.3184623975384,1371.5496588334977,1423.0737499999998
2e25304d-Audio_SP12,H2,o,o,561.8977345104639,1694.2125715058871,1438.76775
2e25304d-Audio_SP12,H2,o,o,561.2405877872893,1056.6364742621615,1441.67275
2e25304d-Audio_SP12,H2,o,o,691.4014743410506,1040.2521044286073,1442.17275
2e25304d-Audio_SP12,H2,o,o,441.2284492993509,1339.5029090118376,1444.2937499999998
2e25304d-Audio_SP12,H2,o,o,714.0018624816455,1340.9711696443696,1447.96775
2e25304d-Audio_SP12,H2,o,o,654.0407538869102,1332.5620487584697,1449.50775
2e25304d-Audio_SP12,H2,o,o,699.9536607365253,1136.2544980301882,1449.92375
2e25304d-Audio_SP12,H2,o,o,529.3149246833317,1307.2917060371835,1493.1227499999998
2e25304d-Audio_SP12,H2,o,o,605.1477290366608,969.2422837089666,1493.8437499999998
2e25304d-Audio_SP12,H2,o,o,663.8057559891421,1176.8276692663849,1495.94575
2e25304d-Audio_SP12,H2,o,o,683.771875571358,1748.7962020615364,1498.85575
2e25304d-Audio_SP12,H2,o,o,565.2767371543247,1258.8910519344397,1504.94575
2e25304d-Audio_SP12,H2,o,o,536.0357671242309,1115.2844472618644,1505.22575
2e25304d-Audio_SP12,H2,o,o,694.1443069578155,1226.645952808928,1544.72575
2e25304d-Audio_SP12,H2,o,o,703.5251022145306,1171.264054815232,1545.0237499999998
2e25304d-Audio_SP12,H2,o,o,575.7526572800241,1839.88397300174,1548.64775
2e25304d-Audio_SP12,H2,o,o,809.6600271652543,1444.7355483156866,1549.08575
2e25304d-Audio_SP12,H2,o,o,606.4125367883372,1376.2853771464145,1558.48575
2e25304d-Audio_SP12,H2,o,o,634.4335152753334,1785.339887149726,1562.3727499999998
2e25304d-Audio_SP12,H2,o,o,696.1192626414503,1276.8792422837128,1578.78975
2e25304d-Audio_SP12,H2,o,o,419.3116590637013,1509.8828632865434,1580.3037499999998
2e25304d-Audio_SP12,H2,o,o,650.5049176094075,940.2208141727684,1580.91775
2e25304d-Audio_SP12,H2,o,o,686.3765165784853,1476.0878804228528,1584.54575
2e25304d-Audio_SP12,H2,o,o,739.6113176093355,1746.636994278338,1642.0937499999998
2e25304d-Audio_SP12,H2,o,o,664.1188361441245,1264.148134919884,1642.46875
2e25304d-Audio_SP12,H2,o,o,883.8196707887113,1613.437512719776,1644.5837499999998
2e25304d-Audio_SP12,H2,o,o,686.9430946091165,1027.9662368379527,1654.41375
2e25304d-Audio_SP12,H2,o,o,647.1357220121079,1049.1048233825522,1659.16375
2e25304d-Audio_SP12,H2,o,o,694.5598302613638,1402.7231850634562,1661.02775
2e25304d-Audio_SP12,H2,o,o,675.0680661771634,1855.253155190558,1729.03875
2e25304d-Audio_SP12,H2,o,o,851.5349045128547,1553.85060148389,1743.93275
2e25304d-Audio_SP12,H2,o,o,444.4473392674057,1230.7319651108442,1744.41375
2e25304d-Audio_SP12,H2,o,o,682.1084982723419,1549.886515238651,1745.19575
2e25304d-Audio_SP12,H2,o,o,732.6199631633212,1862.522995463398,1755.58775
2e25304d-Audio_SP12,H2,o,o,735.6889645324471,1291.6646081006977,1760.38775
2e25304d-Audio_SP12,H1,y,i,531.1658258734728,2050.651396622008,17.45075
2e25304d-Audio_SP12,H1,y,i,403.2561313094158,2590.034907587497,19.64075
2e25304d-Audio_SP12,H1,y,i,660.9002324022016,1946.938603016727,160.14375
2e25304d-Audio_SP12,H1,y,i,533.9347838381001,1582.113296216335,201.73275
2e25304d-Audio_SP12,H1,y,i,636.7557831808837,2233.7450575582966,203.74275
2e25304d-Audio_SP12,H1,y,i,516.01870121794,2364.677715458279,232.48075000000003
2e25304d-Audio_SP12,H1,y,i,440.1479989830451,2390.4029671327166,274.85775
2e25304d-Audio_SP12,H1,y,i,429.9221725481133,2461.5050559782694,299.84075
2e25304d-Audio_SP12,H1,y,i,395.50179137893815,2304.728321549372,339.15075
2e25304d-Audio_SP12,H1,y,i,428.7578785413304,2189.4283345309736,346.11275
2e25304d-Audio_SP12,H1,y,i,529.7073758143414,2335.257211455933,417.38375
2e25304d-Audio_SP12,H1,y,i,967.9380976021138,1897.310755247128,420.20275
2e25304d-Audio_SP12,H1,y,i,756.3649789920544,1861.253056405172,430.47275
2e25304d-Audio_SP12,H1,y,i,830.7533155021698,2296.3128097410777,501.39775
2e25304d-Audio_SP12,H1,y,i,873.6949115119868,1940.2788178511707,523.9807500000001
2e25304d-Audio_SP12,H1,y,i,334.1888348954605,2646.442738323538,524.87575
2e25304d-Audio_SP12,H1,y,i,431.0971510780208,1612.522503320494,541.89075
2e25304d-Audio_SP12,H1,y,i,321.061544528992,2497.923284758413,652.0427500000001
2e25304d-Audio_SP12,H1,y,i,304.35644311422914,1080.1745455977232,811.33775
2e25304d-Audio_SP12,H1,y,i,655.0257080640264,1512.3497731687803,815.2737500000001
2e25304d-Audio_SP12,H1,y,i,588.3511733901782,1573.5265730875387,817.55275
2e25304d-Audio_SP12,H1,y,i,474.6221385180569,1897.502876180334,830.5907500000001
2e25304d-Audio_SP12,H2,y,i,394.26698884838027,2196.5318594853534,897.79575
2e25304d-Audio_SP12,H2,y,i,375.1407157009964,2409.7237351113577,1006.93875
2e25304d-Audio_SP12,H2,y,i,630.3788754760643,2245.211081519119,1057.0637499999998
2e25304d-Audio_SP12,H2,y,i,399.74293307877696,2456.2666162720816,1061.8737499999995
2e25304d-Audio_SP12,H2,y,i,450.0355354836496,2348.54696434486,1104.60575
2e25304d-Audio_SP12,H2,y,i,492.83292541347646,2166.065264796155,1108.09275
2e25304d-Audio_SP12,H2,y,i,515.0149174644397,2254.4242430062286,1425.89875
2e25304d-Audio_SP12,H2,y,i,730.7837532269108,2315.966982911083,1549.6227499999998
2e25304d-Audio_SP12,H2,y,i,709.2903865627542,1781.61686534764,1653.14775
2e25304d-Audio_SP12,H1,u,u,562.4283986038718,982.4604980392847,21.05275
2e25304d-Audio_SP12,H1,u,u,562.9500274747769,818.1807327090136,49.00375
2e25304d-Audio_SP12,H1,u,u,337.5673962660845,1690.8728851338558,78.65375
2e25304d-Audio_SP12,H1,u,u,471.9693920678938,605.2268138201166,86.72875
2e25304d-Audio_SP12,H1,u,u,468.40169244619466,881.5166736748823,112.14375
2e25304d-Audio_SP12,H1,u,u,484.6968966458365,976.882711198606,184.84375000000003
2e25304d-Audio_SP12,H1,u,u,456.96104296339496,736.6659462373015,230.71875
2e25304d-Audio_SP12,H1,u,u,619.4702593468177,918.4508846917292,245.59775
2e25304d-Audio_SP12,H1,u,u,730.4221014432235,1923.9149183232173,273.43375
2e25304d-Audio_SP12,H1,u,u,349.217338400481,700.8425705312037,305.53074999999995
2e25304d-Audio_SP12,H1,u,u,531.3109075474363,899.1201693695072,347.41374999999994
2e25304d-Audio_SP12,H1,u,u,705.4586960065069,1009.1225521042982,369.16375
2e25304d-Audio_SP12,H1,u,u,432.135951347933,716.5858634654003,443.95275
2e25304d-Audio_SP12,H1,u,u,402.1738504732036,794.5687775697543,479.04275
2e25304d-Audio_SP12,H1,u,u,448.4670434345037,639.3211822514086,559.85275
2e25304d-Audio_SP12,H1,u,u,575.7515532584413,786.0292368870247,563.3077499999999
2e25304d-Audio_SP12,H1,u,u,505.7187086208699,835.7092105334488,564.86775
2e25304d-Audio_SP12,H1,u,u,846.2248824935223,1014.9890706326908,604.55275
2e25304d-Audio_SP12,H1,u,u,294.3516104213418,1068.6540068382374,649.5577499999999
2e25304d-Audio_SP12,H1,u,u,380.67529284692034,1091.0098943939838,652.3877500000001
2e25304d-Audio_SP12,H1,u,u,378.1807960861882,1563.1471829704965,706.56375
2e25304d-Audio_SP12,H1,u,u,498.54314881731,1208.7865802792985,717.4987500000001
2e25304d-Audio_SP12,H1,u,u,595.3427432010473,1003.1764625290313,755.27575
2e25304d-Audio_SP12,H1,u,u,607.1111481401484,1082.615866440967,756.3227499999999
2e25304d-Audio_SP12,H1,u,u,449.989971015144,981.5983385443402,807.2237500000001
2e25304d-Audio_SP12,H1,u,u,691.4046172228506,722.2894556867838,815.03275
2e25304d-Audio_SP12,H1,u,u,624.8396337937021,1072.6776658811364,815.5727499999999
2e25304d-Audio_SP12,H1,u,u,408.4259401806385,621.9667799736484,844.32875
2e25304d-Audio_SP12,H1,u,u,502.9284002105983,870.2109322929894,862.00075
2e25304d-Audio_SP12,H1,u,u,567.0698303860285,784.965199675099,862.98275
2e25304d-Audio_SP12,H1,u,u,540.1640154647977,938.946304737894,869.0857500000001
2e25304d-Audio_SP12,H1,u,u,520.7277498540022,1469.4427090778302,870.42275
2e25304d-Audio_SP12,H1,u,u,459.8854410378101,1048.2092760280457,871.1137500000001
2e25304d-Audio_SP12,H2,u,u,653.589018864642,1187.6588367185316,949.32275
2e25304d-Audio_SP12,H2,u,u,638.2774416335595,942.9554010394754,950.90275
2e25304d-Audio_SP12,H2,u,u,825.9554482796251,1542.9917526548377,979.94375
2e25304d-Audio_SP12,H2,u,u,482.06416776366575,734.4085804869899,1022.71775
2e25304d-Audio_SP12,H2,u,u,484.7832620307056,1064.0527749245268,1039.31575
2e25304d-Audio_SP12,H2,u,u,468.5299644134329,911.8393223392876,1054.02575
2e25304d-Audio_SP12,H2,u,u,354.3230815034652,808.1315686154906,1054.29075
2e25304d-Audio_SP12,H2,u,u,468.96781613358894,1530.00583706632,1061.22575
2e25304d-Audio_SP12,H2,u,u,403.5931354327513,1230.63983608867,1061.3537499999998
2e25304d-Audio_SP12,H2,u,u,455.870871558221,771.4967560300529,1066.01575
2e25304d-Audio_SP12,H2,u,u,489.7281792373963,714.6277365105241,1071.51575
2e25304d-Audio_SP12,H2,u,u,524.0473142245104,845.6360295579366,1073.5437499999998
2e25304d-Audio_SP12,H2,u,u,531.5648744081122,1007.6770836006766,1274.8037499999998
2e25304d-Audio_SP12,H2,u,u,576.2789823281173,1344.9162603831744,1285.87075
2e25304d-Audio_SP12,H2,u,u,478.2566383124813,958.1645416505236,1301.8827499999998
2e25304d-Audio_SP12,H2,u,u,438.814162647696,1344.5429715762425,1304.89575
2e25304d-Audio_SP12,H2,u,u,384.8925577245956,937.4160717948253,1307.41375
2e25304d-Audio_SP12,H2,u,u,602.3004539479582,856.4407251976803,1309.5237499999998
2e25304d-Audio_SP12,H2,u,u,617.7294597117782,872.0080157576494,1348.69375
2e25304d-Audio_SP12,H2,u,u,454.7993986673101,856.5473525831738,1406.49575
2e25304d-Audio_SP12,H2,u,u,426.13078471969743,923.876065237741,1425.53575
2e25304d-Audio_SP12,H2,u,u,447.59511413918847,1169.557013020107,1496.42375
2e25304d-Audio_SP12,H2,u,u,536.0558690247659,826.402211269922,1499.54775
2e25304d-Audio_SP12,H2,u,u,481.0556264860066,852.5254521437165,1503.29575
2e25304d-Audio_SP12,H2,u,u,622.5056612624545,777.0848789813201,1545.8427499999998
2e25304d-Audio_SP12,H2,u,u,668.1528704204804,945.4512938261964,1601.11875
2e25304d-Audio_SP12,H2,u,u,474.52801846107,1355.9520322820747,1601.68775
2e25304d-Audio_SP12,H2,u,u,526.0043692531647,1143.6564334134582,1617.06775
2e25304d-Audio_SP12,H2,u,u,483.04679717114726,758.6927599576801,1638.5137499999998
2e25304d-Audio_SP12,H2,u,u,434.51057887166127,829.2045258237888,1641.90775
2e25304d-Audio_SP12,H2,u,u,881.8625267077049,981.7239169794424,1723.73375
2e25304d-Audio_SP12,H2,u,u,544.1501007798585,925.3913412195012,1743.70575
2e25304d-Audio_SP12,H2,u,u,566.271868030871,898.2731789800096,1744.70375
2e25304d-Audio_SP12,H1,i,i,486.1855121038501,2090.222645611972,17.83375
2e25304d-Audio_SP12,H1,i,i,349.0514757346084,2422.8764390443025,24.57575
2e25304d-Audio_SP12,H1,i,i,323.17556520210337,2728.3763951180736,27.33875
2e25304d-Audio_SP12,H1,i,i,349.5289069162882,2695.029974571708,28.032750000000004
2e25304d-Audio_SP12,H1,i,i,492.8256588395783,2292.127342260879,50.44375
2e25304d-Audio_SP12,H1,i,i,382.454442844033,2547.194231793239,50.79275
2e25304d-Audio_SP12,H1,i,i,264.11809096667577,2205.35396521323,52.88275
2e25304d-Audio_SP12,H1,i,i,314.2110168688776,2601.2524612743296,53.32874999999999
2e25304d-Audio_SP12,H1,i,i,417.7675437322047,2171.1271872883217,56.213750000000005
2e25304d-Audio_SP12,H1,i,i,366.6046062910192,2367.394988988389,56.795750000000005
2e25304d-Audio_SP12,H1,i,i,391.4612600972059,2664.568518190285,57.55375
2e25304d-Audio_SP12,H1,i,i,348.5801545937765,2418.4511395942422,83.93575
2e25304d-Audio_SP12,H1,i,i,320.05304161589675,2451.971974883099,89.49074999999999
2e25304d-Audio_SP12,H1,i,i,813.9706445254601,2384.8469064470432,91.50775
2e25304d-Audio_SP12,H1,i,i,421.44970147311153,2092.462648584095,104.65375
2e25304d-Audio_SP12,H1,i,i,447.2935207701873,2387.34217850962,107.22275
2e25304d-Audio_SP12,H1,i,i,374.6472251655268,2504.5855124578666,111.98375
2e25304d-Audio_SP12,H1,i,i,424.1895926306437,2323.089764803068,137.09375000000003
2e25304d-Audio_SP12,H1,i,i,387.0261813502768,2657.21711193587,137.81574999999998
2e25304d-Audio_SP12,H1,i,i,464.9374084022559,2382.6609007861143,138.35074999999998
2e25304d-Audio_SP12,H1,i,i,526.026680090722,2374.7451276881143,162.39575
2e25304d-Audio_SP12,H1,i,i,525.5609021648866,2735.345564487008,166.19375
2e25304d-Audio_SP12,H1,i,i,469.16485357918265,2396.328733233629,168.86375
2e25304d-Audio_SP12,H1,i,i,421.499599673765,2520.806015684765,172.13575000000003
2e25304d-Audio_SP12,H1,i,i,377.2849530991813,2634.1159225999104,173.70274999999998
2e25304d-Audio_SP12,H1,i,i,440.0473105197457,2564.939177923888,185.46075
2e25304d-Audio_SP12,H1,i,i,386.9236621677056,2391.449060699465,186.38775
2e25304d-Audio_SP12,H1,i,i,364.08691810754993,2293.8347152984816,186.72375
2e25304d-Audio_SP12,H1,i,i,464.1266528876436,2396.155270707636,202.91875
2e25304d-Audio_SP12,H1,i,i,516.0616993448416,2593.7823063245014,204.40275
2e25304d-Audio_SP12,H1,i,i,660.5427587033017,2501.803635624493,206.98375
2e25304d-Audio_SP12,H1,i,i,681.8722703302727,2129.042770835093,207.31575
2e25304d-Audio_SP12,H1,i,i,400.0972369651499,2462.1867706105245,210.33375
2e25304d-Audio_SP12,H1,i,i,379.6917546328923,2364.89164483867,226.01375
2e25304d-Audio_SP12,H1,i,i,398.8485179663009,2502.3130544446017,227.57575
2e25304d-Audio_SP12,H1,i,i,500.4450586456901,1964.6038365949928,231.12375000000003
2e25304d-Audio_SP12,H1,i,i,384.7497147774609,2339.02363744316,235.64575
2e25304d-Audio_SP12,H1,i,i,420.854711587604,2249.7431319442944,236.19375
2e25304d-Audio_SP12,H1,i,i,316.41530616706524,2338.5478222895968,238.88375
2e25304d-Audio_SP12,H1,i,i,453.8851761981804,1941.6459735638243,239.24275
2e25304d-Audio_SP12,H1,i,i,490.4160949237973,2469.979287553967,242.75075
2e25304d-Audio_SP12,H1,i,i,433.30330955572265,2684.0193697610466,243.21575
2e25304d-Audio_SP12,H1,i,i,380.5064028407583,2361.2802410519266,243.65375
2e25304d-Audio_SP12,H1,i,i,542.8411676056426,2681.7839399538284,268.82575
2e25304d-Audio_SP12,H1,i,i,324.4215681993827,2771.310981892579,297.90875
2e25304d-Audio_SP12,H1,i,i,340.3714229975279,2399.350431677392,303.11875000000003
2e25304d-Audio_SP12,H1,i,i,318.87000262995275,2451.5580959750173,316.03375000000005
2e25304d-Audio_SP12,H1,i,i,357.84077328658645,1864.09824529568,319.46374999999995
2e25304d-Audio_SP12,H1,i,i,327.94700597015395,2745.537958964237,321.11575
2e25304d-Audio_SP12,H1,i,i,564.2568478122364,1901.194775208354,340.51375
2e25304d-Audio_SP12,H1,i,i,339.3066599082427,2413.174688511929,346.25375
2e25304d-Audio_SP12,H1,i,i,398.5646488682354,2501.8308749716166,358.21275
2e25304d-Audio_SP12,H1,i,i,519.3481275688939,2444.763168583467,360.69575
2e25304d-Audio_SP12,H1,i,i,439.2215764729515,2508.908640423504,370.95775
2e25304d-Audio_SP12,H1,i,i,514.4990867345018,2434.840911874011,371.21275
2e25304d-Audio_SP12,H1,i,i,428.07886521818943,2179.567227321791,388.95075
2e25304d-Audio_SP12,H1,i,i,490.798278438435,2202.932223904344,400.48375
2e25304d-Audio_SP12,H1,i,i,440.8980229173166,2071.4624213912434,430.65575
2e25304d-Audio_SP12,H1,i,i,395.4584456143078,2786.69532009707,432.71775
2e25304d-Audio_SP12,H1,i,i,460.9032427844302,2728.702221800781,433.40375
2e25304d-Audio_SP12,H1,i,i,323.2375081386204,2525.165122634643,437.53375
2e25304d-Audio_SP12,H1,i,i,335.4649642733767,2520.485097037636,439.71075
2e25304d-Audio_SP12,H1,i,i,441.44761503268137,2427.6967096306203,467.46275
2e25304d-Audio_SP12,H1,i,i,375.50745276692606,2459.929824459851,471.30575
2e25304d-Audio_SP12,H1,i,i,829.2780206043694,2160.2190213640965,492.31575
2e25304d-Audio_SP12,H1,i,i,446.2572478537953,2161.875949028537,524.19575
2e25304d-Audio_SP12,H1,i,i,358.83023779324066,2625.2598709146287,536.7437500000001
2e25304d-Audio_SP12,H1,i,i,418.9630454547566,2328.28374381064,537.11075
2e25304d-Audio_SP12,H1,i,i,346.8408394468702,2552.1694656818654,538.45075
2e25304d-Audio_SP12,H1,i,i,319.46728578358807,2124.6141782862046,600.2237500000001
2e25304d-Audio_SP12,H1,i,i,309.041028229185,2731.872881056553,601.24475
2e25304d-Audio_SP12,H1,i,i,368.2781843957754,2628.712385663152,606.4037500000001
2e25304d-Audio_SP12,H1,i,i,613.7015095369096,2248.771256281224,627.92775
2e25304d-Audio_SP12,H1,i,i,504.2661070714142,2319.151605482374,634.18575
2e25304d-Audio_SP12,H1,i,i,400.6835572779133,2097.9629950528306,635.5627499999999
2e25304d-Audio_SP12,H1,i,i,407.10941924783015,2218.922409946492,635.9887500000001
2e25304d-Audio_SP12,H1,i,i,371.4440414719638,2471.2781190295464,654.4037500000001
2e25304d-Audio_SP12,H1,i,i,358.24020700051136,2225.548612217028,657.55375
2e25304d-Audio_SP12,H1,i,i,472.009182310972,2198.246159873075,660.35775
2e25304d-Audio_SP12,H1,i,i,410.1816963873079,2398.69821240846,702.4327499999999
2e25304d-Audio_SP12,H1,i,i,434.423600289409,2284.358129473516,702.8687500000001
2e25304d-Audio_SP12,H1,i,i,314.6532956601978,2794.9064507077564,703.03275
2e25304d-Audio_SP12,H1,i,i,379.81246453377673,2397.8057681324126,703.65875
2e25304d-Audio_SP12,H1,i,i,375.5558827507207,2348.7829834252902,705.42275
2e25304d-Audio_SP12,H1,i,i,426.5053832643336,2617.6892391723104,707.3437499999999
2e25304d-Audio_SP12,H1,i,i,454.9350383321191,2455.425058179036,735.97275
2e25304d-Audio_SP12,H1,i,i,459.5828864115905,2243.328003970969,736.87575
2e25304d-Audio_SP12,H1,i,i,419.1851492745741,2530.112370652881,738.8677500000001
2e25304d-Audio_SP12,H1,i,i,412.25319137198727,2567.611869738356,758.08875
2e25304d-Audio_SP12,H1,i,i,420.6983623163412,2274.842082862212,765.5237500000001
2e25304d-Audio_SP12,H1,i,i,357.92321154685544,2646.9855114381267,807.9887500000001
2e25304d-Audio_SP12,H1,i,i,382.1636837820501,2485.852759593203,813.09275
2e25304d-Audio_SP12,H1,i,i,441.2982802018848,2297.513808059354,816.77075
2e25304d-Audio_SP12,H1,i,i,841.8804175753346,2496.408276781035,818.12075
2e25304d-Audio_SP12,H1,i,i,485.4751376561807,2787.368303809324,832.69275
2e25304d-Audio_SP12,H1,i,i,443.5835412368855,2368.575793179053,838.18575
2e25304d-Audio_SP12,H1,i,i,911.2521460188764,2590.154797167976,840.99575
2e25304d-Audio_SP12,H1,i,i,453.1410965651172,2441.907577147238,857.9077500000001
2e25304d-Audio_SP12,H1,i,i,386.3454050817145,2579.7801230586388,858.17075
2e25304d-Audio_SP12,H1,i,i,393.6974609176792,2669.776669211314,865.94775
2e25304d-Audio_SP12,H1,i,i,562.5963045706105,2335.956598052729,868.82375
2e25304d-Audio_SP12,H1,i,i,428.3487791980205,2199.781398832118,873.40275
2e25304d-Audio_SP12,H1,i,i,1092.044974228747,2286.507534336463,879.15275
2e25304d-Audio_SP12,H2,i,i,453.5006854018459,2308.5374342779705,883.93075
2e25304d-Audio_SP12,H2,i,i,367.0769777395181,2537.660658752053,906.02975
2e25304d-Audio_SP12,H2,i,i,429.5033043714968,2554.6213621596885,947.56375
2e25304d-Audio_SP12,H2,i,i,495.96659425440464,2230.532947670656,971.99375
2e25304d-Audio_SP12,H2,i,i,469.6276638729657,2388.9159502827174,980.71575
2e25304d-Audio_SP12,H2,i,i,395.8573310163349,2452.399324084657,1004.87375
2e25304d-Audio_SP12,H2,i,i,315.72959308688587,2166.75982894411,1007.22775
2e25304d-Audio_SP12,H2,i,i,322.1507857341524,2614.1467176158017,1010.75375
2e25304d-Audio_SP12,H2,i,i,330.53335789845977,2609.3033550726577,1011.54375
2e25304d-Audio_SP12,H2,i,i,355.75280572562303,1831.2463828640955,1024.0537499999998
2e25304d-Audio_SP12,H2,i,i,435.7714837269445,2473.286265931308,1024.36075
2e25304d-Audio_SP12,H2,i,i,514.8977207225173,1832.91282716463,1026.97875
2e25304d-Audio_SP12,H2,i,i,329.4212519804806,2805.831223422594,1038.67275
2e25304d-Audio_SP12,H2,i,i,428.46786300033534,2531.04927253383,1041.0437499999998
2e25304d-Audio_SP12,H2,i,i,539.6984567221405,2178.569450098469,1055.63775
2e25304d-Audio_SP12,H2,i,i,420.7897512340525,2256.350525418849,1055.99775
2e25304d-Audio_SP12,H2,i,i,335.31919094533265,2560.283984557575,1059.88475
2e25304d-Audio_SP12,H2,i,i,441.5633674594732,2212.51284562777,1071.2007500000002
2e25304d-Audio_SP12,H2,i,i,283.8697384871874,2713.5547383624744,1075.52375
2e25304d-Audio_SP12,H2,i,i,409.9468611838623,2732.150587765054,1077.10075
2e25304d-Audio_SP12,H2,i,i,365.12802605868256,2446.9592290428045,1080.36875
2e25304d-Audio_SP12,H2,i,i,410.3742031032695,1762.404204988628,1105.47575
2e25304d-Audio_SP12,H2,i,i,462.3033459236468,2365.9388027351115,1110.59775
2e25304d-Audio_SP12,H2,i,i,354.89889864215445,2398.240717295532,1139.0537499999998
2e25304d-Audio_SP12,H2,i,i,461.5759139791796,2234.91356029855,1145.65375
2e25304d-Audio_SP12,H2,i,i,409.0399669498366,2331.7098625979024,1145.76775
2e25304d-Audio_SP12,H2,i,i,442.6614560398812,2415.2151157424346,1146.56575
2e25304d-Audio_SP12,H2,i,i,375.0837739767405,2530.585106888688,1147.58775
2e25304d-Audio_SP12,H2,i,i,326.9119651749168,2670.132952446516,1149.0907499999998
2e25304d-Audio_SP12,H2,i,i,332.873300982345,2432.339831244052,1167.92775
2e25304d-Audio_SP12,H2,i,i,363.0702651334069,2702.719559414528,1206.55575
2e25304d-Audio_SP12,H2,i,i,409.70745165925297,2065.524445891337,1207.3887499999998
2e25304d-Audio_SP12,H2,i,i,439.1310456174042,2340.684416107087,1210.57575
2e25304d-Audio_SP12,H2,i,i,435.8734540319406,2455.645476774885,1241.97775
2e25304d-Audio_SP12,H2,i,i,356.1778761913967,2359.6547509711218,1294.15875
2e25304d-Audio_SP12,H2,i,i,350.82812840331576,2481.987517362229,1297.86375
2e25304d-Audio_SP12,H2,i,i,354.62710758523474,2338.5622489497086,1303.23575
2e25304d-Audio_SP12,H2,i,i,342.3915153077115,2351.329113896527,1305.08075
2e25304d-Audio_SP12,H2,i,i,281.2680759136698,2688.578080866931,1306.4207499999998
2e25304d-Audio_SP12,H2,i,i,372.3536330157549,2549.9034809294376,1307.28875
2e25304d-Audio_SP12,H2,i,i,366.92334465571,2506.741868947379,1308.0437499999998
2e25304d-Audio_SP12,H2,i,i,459.18948859207495,2303.318703921679,1311.15575
2e25304d-Audio_SP12,H2,i,i,300.06851532211994,2539.702892455637,1312.53075
2e25304d-Audio_SP12,H2,i,i,402.2949067871336,2540.255304578659,1312.8737499999995
2e25304d-Audio_SP12,H2,i,i,575.9765310520189,2336.078758990593,1317.49775
2e25304d-Audio_SP12,H2,i,i,424.4241931573218,2365.6720532614218,1319.4607500000002
2e25304d-Audio_SP12,H2,i,i,337.6396642888121,2596.297558816114,1326.0937499999998
2e25304d-Audio_SP12,H2,i,i,548.8521340117466,2323.402450686701,1329.04775
2e25304d-Audio_SP12,H2,i,i,478.9215445469342,2307.4572948684186,1352.92375
2e25304d-Audio_SP12,H2,i,i,498.99768660512586,2563.5540908835133,1357.44875
2e25304d-Audio_SP12,H2,i,i,422.6777437377373,2339.581927651724,1406.20575
2e25304d-Audio_SP12,H2,i,i,356.5698483471353,2894.567521991155,1411.54475
2e25304d-Audio_SP12,H2,i,i,421.2486462723715,2575.085334567324,1415.0377500000002
2e25304d-Audio_SP12,H2,i,i,454.2797258744131,2423.1324658860744,1417.97275
2e25304d-Audio_SP12,H2,i,i,436.6946196529781,2422.216215158495,1418.25275
2e25304d-Audio_SP12,H2,i,i,394.5748960186296,2583.6751589396845,1425.3727499999998
2e25304d-Audio_SP12,H2,i,i,338.1053206475505,2340.17574936747,1449.40875
2e25304d-Audio_SP12,H2,i,i,379.5713439929797,2558.553242302145,1450.18575
2e25304d-Audio_SP12,H2,i,i,431.5260762520345,2473.4590245149952,1450.59075
2e25304d-Audio_SP12,H2,i,i,362.426099825327,2416.949572610602,1501.29575
2e25304d-Audio_SP12,H2,i,i,645.8724067081185,1755.0234231829709,1510.68575
2e25304d-Audio_SP12,H2,i,i,472.1683816014431,2643.094599886172,1544.41575
2e25304d-Audio_SP12,H2,i,i,409.86742858229735,2397.956800529031,1547.41375
2e25304d-Audio_SP12,H2,i,i,503.72845705982,2027.3669960077937,1562.48275
2e25304d-Audio_SP12,H2,i,i,404.3588160709597,2471.630794338745,1601.41275
2e25304d-Audio_SP12,H2,i,i,354.12225752381977,2495.713923710924,1601.8327499999998
2e25304d-Audio_SP12,H2,i,i,393.5415516389712,2835.694981443387,1602.3407499999998
2e25304d-Audio_SP12,H2,i,i,483.0700919721643,2089.042100308632,1603.78575
2e25304d-Audio_SP12,H2,i,i,498.4941524361764,2383.424803180336,1604.3527499999998
2e25304d-Audio_SP12,H2,i,i,401.6351613985491,2504.206630056772,1656.73275
2e25304d-Audio_SP12,H2,i,i,563.6407632553551,2103.193014491716,1725.3137499999998
2e25304d-Audio_SP12,H2,i,i,447.04979563751095,2302.0407899356583,1744.86775
2e25304d-Audio_SP12,H2,i,i,312.6769449108672,2107.31292256618,1756.39575
