H1_audio,061ea7d0-Audio_SP16,0af9ac47-Audio_SP14,0e6115f2-Audio_SP19,0f786745-Audio_SP20,12c532f8-Audio_SP15,181d5ce9-Audio_SP21,1c403477-Audio_SP13,1d46eb6e-Audio_SP18,2988c6fc-Audio_SP13,2e25304d-Audio_SP12,30a90cb2-Audio_SP21,3361ee02-Audio_SP10,34ad326e-Audio_SP7,375a28cd-Audio_SP16,42d56bbf-Audio_SP23,49ae7020-Audio_SP17,501e6487-Audio_SP19,514fc6b6-Audio_SP19,51a17262-Audio_SP18,5278b5b9-Audio_SP15,5586979c-Audio_SP18,5819ce7a-Audio_SP11,5a932187-audio_SP16,63239054-Audio_SP15,713a2f9b-Audio_SP16,7a414497-Audio_SP15,7aee4437-Audio_SP12,7c3c98d2-Audio_SP13,7dec1dd7-Audio_SP13,7e277fda-Audio_SP28,85c7895f-Audio_SP16,919b9bc1-Audio_SP14,9a0c18cb-Audio_SP14,a1a056ce-Audio_SP11,a452055c-Audio_SP11,adad0062-Audio_SP17,c3533b36-Audio_SP16,cafd9c21-Audio_SP27,d4c363bf-Audio_SP13,dbeec025-Audio_SP13,e90f8e4d-Audio_SP22,f061152e-Audio_SP12,fcd45f4d-Audio_SP21
061ea7d0-Audio_SP16,0.32993405474119286,1.3604748277655474,0.7371100281202612,1.3462679247145775,0.5563736357259121,0.8226099339335485,0.5151673044497732,0.512242012696583,0.6237368138388616,1.1135842684960437,1.168192251546162,1.2193076031164676,1.3211855058125272,1.2148447919672265,0.7981193348085105,0.6614716191908869,0.9424085634925239,1.1121724845686398,1.4268384908714153,1.1745803085202131,0.7497228590719942,0.5799077764804592,1.4265761041599303,0.8021530032997634,0.8610473706546713,0.8590174817355323,0.8221051109865448,1.4477420901391604,0.49271269713330923,1.191186312443272,0.7515381147417854,0.686585880588134,0.827964138949057,0.8539764163290842,0.6740037616384611,0.6926207945399779,0.5656913983092178,0.5823718968916812,0.5818205679933394,0.9965761380813688,0.7546301855712193,1.0440638265348399,0.6973809238578929
0af9ac47-Audio_SP14,0.813886974052519,0.8664781469233063,1.0449839736686433,1.5691492848142354,0.8962324396050518,0.9561073621525732,0.7623995983677395,0.980982579085252,1.1584124543459504,1.2130019753440067,1.1286219441229608,1.161317929656882,1.2726837700555027,1.4587691351082241,1.3917289478991124,0.7257666799362892,0.9225514403302598,1.4873406431715224,1.8625921744792309,1.2733568610027075,0.8171742846242739,1.0805092087265409,1.1188237096688205,0.5850371690616394,0.8420632494917293,0.8070591614066973,0.7629187692843201,1.451477098388834,0.6852721177958323,1.1681525279519145,1.2247748034217452,0.8338125865785944,1.0955461910457545,1.3675769036276928,0.8722945531724828,0.7782660959706293,0.8861994231130008,0.7167725810870095,1.0896564350970055,0.7777798694948652,1.237918417368542,1.0651634518457807,0.8757507887068589
0e6115f2-Audio_SP19,0.6145207479137579,1.47032478774846,0.3728716868001385,1.2687703093630334,0.6317833696235327,0.6043370555019083,0.6027988012026327,0.809715152552118,0.7765247865786422,1.1146610438724704,0.9654594307554567,0.9530242717468231,1.2100132845857008,1.250542866572196,0.8195207413173986,0.7343782391154672,0.7263617761508752,1.3963340100628894,1.565149733380651,0.705700773050304,0.719999382452948,0.9617880788217562,1.4427869049695932,0.7136507436267987,0.7101722679518071,0.6561662023996753,0.920979323613212,1.36035703607962,0.5634503564520086,1.2652452455034544,0.7480869233336804,0.6216719914080641,0.8431912778636003,1.1607642819135944,0.731326443877573,0.6723348221307439,0.7948746120296486,0.6304060483997189,0.7578662301332781,1.090135752912619,0.7340459199978382,1.212728240044771,0.8414176302736784
0f786745-Audio_SP20,1.2483269610924572,1.9915553853612205,1.2937072528481839,0.4304674898990183,1.2763303134648667,1.3533130410067686,1.2853302599613379,1.2165542010399548,1.090973747778423,1.5525370222725892,1.6710464124703288,1.5700742141498187,1.503207500588657,1.0019457680579804,1.2453687602743444,1.3033234900633965,1.4880185683760014,1.6018035700721993,1.8701682697175266,1.480126823263533,1.464421999948435,1.4150660652778828,2.0163962682188403,1.315549907733956,1.3489856079593046,1.33326949235522,1.4810830074291734,1.6551383114296958,1.2931960124603423,0.7536545384245715,1.2998649003555613,1.4248288466618515,1.044949966944388,1.5404760992208577,1.2147374849226993,1.2908820193439832,1.2084513359635223,1.265280086279296,1.2883900768746839,1.5582774090575362,0.9794827424376265,1.6820429733509807,1.1731046988203226
12c532f8-Audio_SP15,0.6055803300930562,1.4251251947045716,0.6185870016986111,1.4172615704887033,0.22432743353072954,0.7474953583498265,0.48118875448996334,0.7013714540521436,0.6894452734188629,1.2174244592854648,1.175426327514578,0.9629358849105094,1.2913191182177064,1.2100632850876294,0.7567220008814377,0.858360905908461,0.7673312722834624,1.3536664476179523,1.6617486657338412,0.953858884732877,0.8440834306017784,0.807602032752923,1.4455575497982098,0.8000950483451381,0.7673914277945164,0.9554066597018108,0.9824897553420098,1.4709079259742952,0.45606794875099554,1.1986889550817261,0.677869293703764,0.6561431828457209,0.7565397160579482,1.0768007746230481,0.703123895869628,0.7785111969981939,0.6777916603910051,0.6702573837261814,0.7993830121543722,1.1883844776661232,0.8313365304480942,1.2493985313284388,0.7226408391255054
181d5ce9-Audio_SP21,0.6961212925613971,1.324280411212841,0.6669689270179161,1.1709309407709467,0.6264399057714191,0.4301996564148978,0.44371070471177154,0.7654257548859366,0.9329537002586314,1.043111295918424,1.0486908590488175,0.9483624060726292,1.0809536879842878,1.2477111188685568,0.9437289790309317,0.8126700695516408,0.7083057721490502,1.430284857031114,1.8034259176417688,0.9213697349071092,0.8534118553089785,1.011599804705996,1.3799211289792714,0.5511534178679816,0.7152625788566325,0.7434781172987655,1.0123627297917748,1.3481214585513952,0.5021523973525891,1.2478429786734364,0.7919844977464687,0.8338149627932689,0.8528671490424744,1.222188431301293,0.8557243945541038,0.5958284095260645,0.9107460843875332,0.5240907108610118,0.9672517870568365,0.9845382257978667,0.9114490583281698,1.1850438424548027,0.7100300795712653
1c403477-Audio_SP13,0.3795845439465392,1.4196901529798085,0.621734820451707,1.205345040712233,0.5318354110511501,0.5569371550614696,0.4265003748152658,0.6861659894478555,0.693274570043845,1.2197365453297968,0.9821081429466326,0.9544292840619868,1.1367783218482252,1.179037638538825,0.7316319869247333,0.8476108761319718,0.7134077159717124,1.2719475522256534,1.500006582714461,0.900913423487481,0.6810801426441828,0.7314413183397117,1.4177374412985828,0.6909282300711201,0.6341975430649972,0.7683471902086223,0.8501850281006477,1.4020511475726771,0.44824390679240284,1.201378197431811,0.6254551551775968,0.5875387751668504,0.711251362760827,1.01203390726754,0.6057048423057674,0.5778704057020883,0.6121828781372849,0.4962131700877279,0.7490531027058418,1.052394350631986,0.7408972843521503,1.1701776676902642,0.685460587570777
1d46eb6e-Audio_SP18,0.5610699056205795,1.4602316392457564,0.747689020691624,1.2257528560444897,0.5536190630587652,0.8797331440741406,0.5176136228619017,0.197708502986587,0.45240068913055104,1.0652464825478094,1.2175323198987529,1.361853898322074,1.2830348411423338,1.1297854464575638,0.6262074549719427,0.7252689559094452,1.0183091338263732,1.0285774490413657,1.411912295757575,1.1648501511366094,0.9047394718528968,0.4528911696431002,1.5266487238050235,0.8794340429010301,0.906784481611365,0.9301296517341207,0.9062932013914622,1.3394109021455314,0.6117070656197917,1.151842033017293,0.6207359140360345,0.7967389848628679,0.8406103555943472,0.7883330277926246,0.8193256714190736,0.7425285349772437,0.7780282214977758,0.7766231259588314,0.49504159836274525,1.1908649740560509,0.6043263153103957,1.0777184846979886,0.7522567292780832
2988c6fc-Audio_SP13,0.6165518709224296,1.4483043847462473,0.6945880671339796,1.1131029876222194,0.5976451087728671,0.8997780644105403,0.6601385413319127,0.5234478046617097,0.3761109185975005,1.1353647819112689,1.2186694997544385,1.2607101110322754,1.2565685932699182,1.121855418280592,0.7287396358135314,0.6626632254991488,1.0050700695511796,1.236788157415923,1.4839662604529864,1.0092109273688066,0.8900774775037454,0.7300569448296859,1.5761353549545323,0.825398561218886,0.8842359622232803,0.7490425434943497,0.925895306967786,1.3914240841874832,0.6353979971031151,1.0317574240895973,0.6438866273359498,0.6905741478093739,0.7542485081891204,1.0559233176869842,0.7031569851222391,0.7332418878054824,0.6904909485993326,0.7679458332782659,0.6015705107992615,1.170907505541147,0.5729406523887315,1.2077865933400869,0.816726419687507
2e25304d-Audio_SP12,1.0242252670490253,1.4084769319762445,0.963667550668986,1.665219643364931,1.0854609918636835,1.1583501591089573,1.0873812103708274,0.9783300111607327,1.1528939096304063,0.45749923412187987,1.4433280288764179,1.3668697089875421,1.444042617072496,1.7071731201421736,1.4044759972048442,0.7853878264158645,1.3825368596516816,0.9832119630937015,1.481373902423933,1.597253477402308,1.280654351067914,0.9757014362064362,1.300170386958436,1.1846264721382769,1.2598942814935454,0.9434411311405807,1.1815793455113697,1.026322998429248,1.0135716016883158,1.458226734109038,1.4302397780845935,1.1994299201760983,1.3081772432662861,1.1556444096661191,1.3617817428582697,1.3360194709919557,1.224979678852741,1.0896790448659959,1.0577329128808899,1.1007659974134145,1.0332658519947242,0.769958308765055,1.370356051881819
30a90cb2-Audio_SP21,0.9959126820503645,1.365678545844873,0.7380306758735367,1.4687279042904682,0.8895702248571504,0.8564409782341955,0.7535356995909521,1.0709676702306783,1.2243040040228617,1.2600629600564053,0.5999196499638251,0.9690504970402883,0.9989689373276391,1.2749355586932904,1.1768103522851032,0.9374955685107894,0.7696414214766849,1.5692995718432352,1.8329646113601532,0.9422100495527427,0.7544775181316812,1.2663515128554188,1.1310235673113722,0.6799121978999645,0.6977522142554964,0.8416192889551869,1.0241023898935981,1.435605346658268,0.7825024986398357,1.2133918840506692,1.146024992119293,0.93749652612335,1.135327577671562,1.3987575054922587,0.9417358748472899,0.8001555327942504,1.0542474319298925,0.8251618086073889,1.1242943576783087,0.8628825995535563,1.112989288983876,1.2019733739151828,0.9050144726566629
3361ee02-Audio_SP10,0.9534004104577762,1.5723833767708322,0.9697002173598817,1.5349952368528033,0.8338440991600455,0.6577040109613586,0.8789639883669784,1.3042828253055636,1.2036808174484246,1.3583155813756211,1.3298901264686513,0.5666789421124503,1.3660312484386832,1.5729670555112074,1.2114399706844212,1.237913503118244,0.6646378542034888,1.7851468974225702,2.0084967075397744,1.0536660267134714,1.0279792958962446,1.3680800413925587,1.422334127694246,0.9521324511608866,0.8672486955392292,1.0387288249097706,1.3112312958045613,1.6813524203231518,0.7875087326204757,1.525290861698279,1.0996587133221507,1.002229773980378,1.056190022626594,1.5530192856440013,1.0064712496434978,1.0357760858344074,1.0627224429581985,0.6279930854284597,1.4032227925838323,1.171991589638058,1.2145882408571098,1.5330798044458342,1.0425601029970064
34ad326e-Audio_SP7,1.4970672857710463,1.6796276173686682,1.450453546579324,1.7989273351836452,1.4066297449978913,1.2158047562546965,1.2562946217508504,1.5289570556539052,1.6545785885379132,1.6554173368931477,1.4229008164526398,1.4994094041210806,0.8800977204399318,1.878239281134244,1.6163783042887165,1.633059995874453,1.3528521549526453,1.9278335929433927,2.2263060792545075,1.7407100040660322,1.5721179181898628,1.6668919925568106,1.5044819923412676,1.3364612247931622,1.3129582525355667,1.4364654601177702,1.6471221703899248,1.6527283604182732,1.3019339781897863,1.8365049979307033,1.5768843663472727,1.5624363389900924,1.3513011290449024,1.8840080481124792,1.437972545144224,1.4927320999680465,1.5270252333506817,1.2999007001502783,1.713495142190461,1.4805342005367708,1.5997267499354608,1.587943834357408,1.4396948487336587
375a28cd-Audio_SP16,1.2365544402098418,1.9088617674719215,1.2628587115116603,1.1981131741965436,1.0381346651645196,1.2950162889670436,1.0915295877028308,1.0607635847035848,1.0702507320007502,1.6489140146059484,1.5070112646614438,1.5190394633307354,1.5388052283868634,0.5751376202402927,0.9952988516525483,1.3610213361952668,1.2851475290489203,1.6047076792607078,2.070529754204907,1.3133488045191162,1.3521066519489142,1.3065465371849252,1.9319265391876088,1.2285456657689444,1.2378499662827218,1.5096705469194778,1.4278859516439537,1.8505696012364488,1.2468909751869224,1.1406010698256375,1.0428067248486128,1.3723591650840379,1.036468815528679,1.3014283197841567,1.1577590533931654,1.115136261382992,1.1031965765296263,1.2773495175024498,1.2565621426586229,1.604184327469159,1.042047244496581,1.716059483175213,0.8909877413324676
42d56bbf-Audio_SP23,0.87462534190738,1.9234608849759192,0.7445283769303539,1.310716134528497,0.7757523237954094,0.8812415175803164,0.8372826567644798,0.7065061309345043,0.6163329157901489,1.4178932561364053,1.4082748016292395,1.2950445346242123,1.4367385268299349,1.1449822177614835,0.13390698918114985,1.1455934879530367,0.9538795060663713,1.284010124301003,1.5239204184716268,1.126500640882006,1.1607702101010318,0.8406689303364969,1.8511782984736782,1.1290303372713162,0.967712169741355,1.2025963247689635,1.2736277986794078,1.612215124178864,0.9109605049131123,1.4032186333632293,0.6360909841096098,0.9719685534652804,0.7179321965191972,1.0173323467560829,0.8919840958823642,1.0415212937130789,0.8819451523235114,1.037963733032849,0.7628089633083905,1.5742638032300649,0.6789731265487363,1.4588430894502955,0.9797892726196178
49ae7020-Audio_SP17,0.6027572955219924,1.304761197745369,0.7365995973116483,1.2816342619607717,0.7792291742851885,0.9612256808227669,0.7219495078473277,0.7084561988829807,0.8292628761566254,0.8236207471926845,1.2053424034945166,1.2376412815484183,1.3147048122748668,1.2594515496474978,1.1151699439017984,0.3902807139093257,1.072741705540721,1.0372879066258758,1.4294428612874983,1.234443625659278,0.8738589065689071,0.8253195903073075,1.3739727642957047,0.856337945112152,0.968042190319981,0.7739978740510831,0.861973670500808,1.201452819765089,0.7151329772340632,1.0730019564954427,1.125478490492944,0.8774360897355353,1.024509766517681,0.9730345615570697,0.8832550921371451,0.8645622778892544,0.8199726841416144,0.7164602843816592,0.7173849637054269,0.8440737033345194,0.7557940345916737,0.8635279339698454,0.8365238943223738
501e6487-Audio_SP19,1.0514518236092083,1.5078574480626368,0.8642502694247627,1.592739575805105,0.9851274720074743,0.7165785581643159,0.8809766514757891,1.2972299241321412,1.2736030336148,1.526537775858385,0.9937887472334521,0.5482559260353612,1.2571786967306506,1.445110417084662,1.150190327643888,1.182701262289952,0.38502012283096776,1.8100603466320535,1.9510253718944193,0.796500296073646,0.7496575304260946,1.4166318754169338,1.296184238101815,0.8008336023869269,0.5238972599381406,0.9495007541130235,1.0680398667732596,1.6468764389537596,0.8811901414445948,1.3948446315742482,1.0802702625057694,0.8160406847662395,1.1519255856476858,1.5936066351044866,0.8752031468005597,0.9079641678999671,1.0575245209947326,0.795444810245736,1.255182911252614,1.0641645423875026,1.2470773843397307,1.4722573076561987,1.0767752035194087
514fc6b6-Audio_SP19,1.2722932948148795,1.8452360967872985,1.3371877300263728,1.6217239981132048,1.2428331569503164,1.5515847273639423,1.2710242109836214,0.8777008372477992,1.117380222587325,0.986571411723274,1.7133161650124746,1.8807269371255761,1.711703833469,1.4279070536111609,1.325648859994385,1.0693761535194963,1.6548545428630104,0.6269466077115831,1.4833490213378475,1.760587068479597,1.5234733550010304,0.9384702907693667,1.780366651958719,1.46021061498109,1.5244230487479828,1.4828691527409843,1.2558465628256346,1.2967508744791636,1.38215415424553,1.4114797437195543,1.4562477645172556,1.52698617415707,1.461164365439194,0.7957573287082116,1.5444941690462175,1.4445392828178931,1.3769306213158667,1.4758883488670973,0.9729461564703992,1.5966740649835183,0.9406966758448277,1.0404414969028992,1.3926817981372497
51a17262-Audio_SP18,1.3245236286653017,2.133139533474274,1.459718182279877,1.8230835564702672,1.4903198032715204,1.6207303438271778,1.461894620258238,1.1152922191851433,1.135941466856898,1.4670320856054038,1.765103898000706,2.023090480713325,1.749096503555464,1.77112269830497,1.3175316780875332,1.3437759696280287,1.814210571885694,0.7436446832587653,0.8275920308748361,1.9395854817453857,1.5768426808567932,0.9553449573150286,1.958942848849174,1.7098831335982754,1.575450053373258,1.5599109346803552,1.4404306002512879,1.5243826705434786,1.5374157012939966,1.7757753980650435,1.4784201128270347,1.4640698515074906,1.474682505084794,0.8493648773911457,1.516687145760577,1.6106159858699485,1.3673145304318035,1.6061224537810408,0.9186233454762083,1.7806411942816431,1.0058115244745225,1.2418848376467206,1.6953731768996265
5278b5b9-Audio_SP15,0.8929806269168582,1.5827554877857133,0.7462350934457477,1.3326879679378574,0.7565074870464344,0.7802946045164714,0.7902582349061509,1.0565670889196754,1.0137062152813057,1.4069900307489913,1.0518558835059832,0.9441810501836347,1.3130938496029159,1.1740116897258992,0.9377884008046724,0.995499931391548,0.6815474231745096,1.6570816854548733,1.8949330206879496,0.38955340360593427,0.7870876561543928,1.2201456617154645,1.6071050514425569,0.8322103644018624,0.7052549383509896,0.991743832297546,1.0241831152822494,1.548385216194432,0.7998508432343464,1.2799092138850923,0.8463203877460626,0.8479874886880134,1.0477873735824623,1.3619073896843306,0.8272897388657924,0.7413034024423355,0.9992014128413085,0.8071365910437038,1.0398960166742528,1.2374237062186808,1.0111053938357415,1.4865720542248566,0.877857533624369
5586979c-Audio_SP18,0.5086977294433133,1.244807371992028,0.6067571669472466,1.3243374875703935,0.4540411066260287,0.5829350916197122,0.4099161751020458,0.6298450794990553,0.772853587033958,1.148568766284765,0.9756146180078368,0.987505876279114,1.1340516998303527,1.2384498269127873,0.828687548806451,0.7260422762496375,0.6768232567991558,1.3327288015299708,1.6658522582101885,0.8972490437986427,0.5899371727184696,0.8380822405014889,1.282470930999341,0.6079118222126163,0.6617241861715627,0.7561435400564362,0.8649689618985397,1.402059558697591,0.3358520836496495,1.2382260398882612,0.698996556575834,0.6938940697942186,0.8147738854364653,1.1132109963942143,0.6728354959478047,0.5654489527685794,0.717393707407968,0.48387625618286256,0.7645461467694257,0.9494082041087466,0.8947341071444259,1.1195869087835484,0.7078137200600947
5819ce7a-Audio_SP11,0.6587752175074869,1.4871837303853157,0.9105329624669426,1.5147738237930952,0.7383170397103092,1.0534990834492894,0.7739520173286979,0.4629451480470879,0.617177531665452,1.0506658444258343,1.3172192245200423,1.4716484789883455,1.4797894357488919,1.3659757417426113,0.8128657755109181,0.8028733529624561,1.1744501777541878,0.9022627847782558,1.333310948501721,1.3653658902127734,0.9900325594359805,0.3396529542298306,1.50818528223757,1.0374108473744614,1.043215414592875,1.0340643639537788,0.8433171682325467,1.35882080139018,0.7558293087295239,1.334934927059337,0.846277809484393,0.8301492625603651,1.002478933539458,0.6807670840466431,0.95338986863446,0.9458277715299912,0.8046133748603497,0.9289341389950638,0.5148968645980321,1.2769802561911916,0.735995837880866,0.9850010143128118,1.0105097431931174
5a932187-audio_SP16,1.4997363955789642,1.2852604762637252,1.5183866886795592,2.1648832230177524,1.461824005982372,1.4718621722837804,1.395770353082304,1.6273227353122681,1.7660753544859853,1.505558948393242,1.164571294400636,1.3061821019403894,1.3692958517452984,2.013306916332127,1.9168444657590347,1.4086530435648024,1.3360385653544125,1.8132532508676922,2.1616988799250176,1.7082509954811578,1.2072979904688974,1.5939830660519285,0.4361268866736919,1.3204952826840188,1.2632824128318967,1.3087820948859163,1.2721578243096756,1.5362377005541508,1.3217491381341477,1.762474359981342,1.8049715497914347,1.4197530279147648,1.6966170272579701,1.8595896906205551,1.4987329055365364,1.5041831840107731,1.5213993693209904,1.3419514641439363,1.6533621250467379,1.0204993709781525,1.7766019823162682,1.123924429293049,1.6341098225887971
63239054-Audio_SP15,0.7112282707989129,1.2593225588507546,0.686349178724422,1.258702134292272,0.6557084241006276,0.7455360564635674,0.5971878294751336,0.8226511927903646,0.8830981484552625,1.2673603287002144,0.9612564400778014,0.9424458958133888,1.082480498259723,1.088859446386481,0.9902983588106127,0.7565508153358785,0.7041448758356498,1.4708898049186456,1.7287373390286571,0.9586834017033357,0.7350299241996864,1.0840197836177956,1.3090773548183705,0.35331459678449717,0.6086926789627165,0.6505431759606088,0.8211119827959138,1.4565242074179903,0.5090285624077574,1.0194458796968662,0.9534162590212478,0.6882498997548047,0.7279333735431759,1.265482944519981,0.5369513152357265,0.5901906475666762,0.5739091327322523,0.5670817851809984,0.8834352107078098,0.8789072808311784,0.9037071781402801,1.2312624455820462,0.6221585979342794
713a2f9b-Audio_SP16,0.810888929847227,1.333132402553736,0.7675734256707003,1.2981578624448102,0.6916329692521338,0.5482948644510593,0.5269438588986181,0.9203437390765205,0.9687159966682939,1.362158807060421,0.9056069767647155,0.8104618314006442,1.048311336826226,1.240715497377843,0.9160599103955576,0.8533970795900085,0.3962788331328657,1.5795497266182257,1.7961870724733044,0.6826355737222658,0.6182217648942012,1.123660045195236,1.388993417806261,0.52928414308343,0.2770381287873939,0.773095373285054,0.8325945888921014,1.4728149304708487,0.6117744831881744,1.1788022349016556,0.8099560629787635,0.5888808435922122,0.9084365012729965,1.3253394044018352,0.5605065931720783,0.5480709059917359,0.8288831138261592,0.5810954156699819,0.9861337623881096,0.9452297630665547,0.9903289161507511,1.288708629525146,0.7551229627415595
7a414497-Audio_SP15,0.6847935849819857,1.5649103226912908,0.7260691442145947,1.2573230730598564,0.8881445755744869,0.7281335082243979,0.7599152290882067,0.8860803953777552,0.9013434888541658,0.9757481199045261,1.3532641423815324,1.217986768138949,1.300357340931917,1.4947968213294005,1.1175582780912445,0.9024851366474467,1.062430399225653,1.4287786152368822,1.5909270337596233,1.2229830611146748,1.12610766491989,1.0658113707708374,1.573958838027247,0.9097134229796331,1.0407449351915898,0.5493935009244371,1.1548555376746477,1.381514520827275,0.7597789377363042,1.3776193789303732,1.0492337193831844,0.9210825182733604,0.9567009124667176,1.2748768471574665,0.9859846400638703,0.9365745827794458,0.945136568428504,0.6866990162311514,1.0195988560191722,1.1470602398035825,0.8524945184445709,1.235313455278071,0.9747260444623114
7aee4437-Audio_SP12,0.7111052310177545,1.2912628919144395,0.9837514611669917,1.529436924892864,0.8334899165263102,0.9788841066354799,0.6923915403606351,0.8682877626561041,1.0452150033709342,1.1587075247393324,1.0988465325092465,1.216559521992521,1.3327344615106385,1.439792964179545,1.222444874635059,0.7594222262123527,0.9617753983120065,1.2442230599009618,1.605726713640833,1.2070945799685169,0.8011400198325442,0.8834160438613097,1.2913970381741002,0.8356575871090804,0.8766443720964534,0.8772173323499565,0.4656735424416697,1.3487775740179715,0.8038354693419998,1.2413092422436307,1.1417678015672332,0.8099754652047085,1.2283425051794539,1.005804355747496,0.9054943045402332,0.798101096962062,0.8739256493390631,0.7861067606855194,0.860528897211966,0.9624375189354376,0.9915619990567651,0.8642053457877102,0.8517315382061584
7c3c98d2-Audio_SP13,1.4325643135308241,1.806578199346765,1.2934324138053332,1.7363495360537162,1.4135312280012855,1.3731240680680554,1.3953395085195666,1.3166062609372342,1.391445524013918,0.9528380244535716,1.5861163196290597,1.631572911371021,1.2160921145565613,1.8282970900034428,1.573777350560696,1.2823377766592192,1.600542907589173,1.2656186600718888,1.6927981379824943,1.6629280715645922,1.5312309904893664,1.3008222987235396,1.4538397119664823,1.5064793993632042,1.4341382375846554,1.2792157819823187,1.4163505220044024,0.2999573440375667,1.3875617341881357,1.6787255579549702,1.6005016280743944,1.5078527651767017,1.4377168026131577,1.4485020547367684,1.606322391222614,1.609107762612747,1.5717706306753894,1.4674736598556684,1.3302318563641324,1.5612341550403641,1.2265459846077569,1.0768902640319058,1.6958728858962175
7dec1dd7-Audio_SP13,0.5021875347306197,1.4105700144603386,0.6382147372072182,1.2636079714729167,0.4158463565102295,0.5760589748444772,0.48512334747190844,0.7611205509959834,0.7569579877935675,1.0911248748673774,1.2126236428990773,0.9797942069977021,1.2021940105047135,1.3629391007928149,0.9067442033484188,0.9558141717331494,0.8356793489536799,1.4139135043348021,1.7024800917978318,1.019572855524109,0.9334650728308045,0.8347943223264531,1.4146925034356874,0.8226132705964582,0.88418374049886,0.8704193103862119,1.1161087264731604,1.4200324411358807,0.3192952131457697,1.2970972196184218,0.699209530883248,0.825279763601817,0.7739827465759415,1.190292678315688,0.8702593758090811,0.8254484030728677,0.8530349137182989,0.4872799087590475,0.9895320972617303,1.1593702228850744,0.9079187608286838,1.2818069022040022,0.7701499641315181
7e277fda-Audio_SP28,1.2629531178157662,1.6569097336684884,1.3503781977764748,0.8680253392600636,1.182343235885393,1.4591210540127073,1.221667843701829,1.2278547602295296,1.1568204229970163,1.5620500248679852,1.5193097277006935,1.4769459625235044,1.5811999285289102,0.9108812348960932,1.415806993070119,1.11743383592511,1.366244841500503,1.6929362837197628,2.0052871638483003,1.4078994914133844,1.2810602815854757,1.4150166146702103,1.8408727230407216,1.1247825444617205,1.1998828631522318,1.2420811930783817,1.2022740444431275,1.7333611319931292,1.2630788239598996,0.1884823410434539,1.3606187034842998,1.2514227046697655,1.3215024958529713,1.594166380446845,1.1363057855101601,1.1771452240159448,1.1627127958944956,1.2409214013454557,1.3112639155025532,1.348867851149468,1.1608485630560843,1.6102517419318199,1.0842330309398476
85c7895f-Audio_SP16,0.7046511582128503,1.6105091948282464,0.8686455412231785,1.2529580394818287,0.7136745872726113,0.7670898084945023,0.6724859208623256,0.7578099207976514,0.7489121493131905,1.4710301123882774,1.2357930386785756,1.1820689260965147,1.3486612362162462,1.1906344514412417,0.7081648525904862,1.0658019511321997,0.8300010957102061,1.5309567874164582,1.7717909638200362,0.8814882408457889,0.8593947876290691,0.8907419578772862,1.7104798176849658,0.9022115596271911,0.8356110093493336,1.0744066279719253,1.04565216634145,1.659899143806769,0.716463739323653,1.3242682409401487,0.36568253977981013,0.7315668598619731,0.8971788334772028,1.192294992017921,0.7759358336697195,0.6524601693363508,0.8760609232375167,0.7746070638581822,0.8929329696963662,1.3629648238953067,0.9247598668254301,1.47794789522421,0.8112190608200421
919b9bc1-Audio_SP14,0.813390352663298,1.243271977185209,0.776837581714739,1.5051519741049804,0.8159187311076475,0.8355112385729201,0.7182935794848709,0.9582348968318839,0.9840450217236159,1.328811620160412,0.8799313010032053,1.012749743042036,1.2232492117400127,1.3610325244664074,1.1379994489948464,0.7730923298407071,0.7322470996547811,1.5425755147788256,1.657073674687304,0.9052124894295074,0.5871950461099801,1.0818222107661564,1.272615765692462,0.5973319417373777,0.5703362978403378,0.675290692890718,0.6785492769462451,1.487506856996835,0.6710053826068241,1.1972065566806502,0.9964309069154156,0.33176140873005855,1.064899678445892,1.324298554859495,0.6124542041470302,0.6341714709795669,0.7803707607723614,0.7309143449854384,0.8871585086913497,0.9036071730641864,1.0393883319356063,1.225213127456487,0.9332911690513703
9a0c18cb-Audio_SP14,0.7634036510576195,1.5556909190330024,0.7537938044721846,1.2397732364924583,0.6990194696658383,0.849046095474182,0.7213683337221538,0.7660784985810217,0.6890892908933395,1.3504871825954232,1.2697954854746791,1.2101611585265928,1.1517414344073604,1.1285525802826326,0.7196696503514853,0.9148506907965063,0.9348599917846092,1.3951467150733592,1.6106008005643526,1.1810453879224596,1.0345845246913852,1.0023416947862598,1.5530723337256038,0.7964066389489068,0.8150679881148425,0.8974049432671256,1.0884290809126054,1.5354609075080055,0.7147475344141291,1.2091936596913884,0.8003617633508762,0.7687548144813707,0.4283909518675185,1.2059738256673644,0.581388068908234,0.8496361411740545,0.5452436143782944,0.8328659216471039,0.8241351030624091,1.194458929127045,0.7816281758949768,1.3321514999007324,0.768384064024831
a1a056ce-Audio_SP11,1.2934929007180542,1.6444594162178279,1.2653829897013298,1.7709042186678552,1.2479196106750672,1.471801861940889,1.2440752627580174,1.0188665443743314,1.1009090512169324,1.4399378840620864,1.271598559368103,1.7305077506663127,1.6910992786218286,1.2697875594109491,1.2449934471098627,1.0442555309027992,1.4276067495578475,1.3093123933433046,1.7174866199203875,1.462512730467647,1.2112069348780752,1.0853590594426805,1.6184662023949143,1.2281145821788888,1.2138496441976423,1.3677466129361884,1.0707714446119319,1.6367659074162428,1.3360282721518102,1.3460788634108305,1.272652798014388,1.1811468278889519,1.4925659251738188,1.0869221766471933,1.332673513170464,1.2009385504744299,1.2779506920552497,1.448326916180789,0.8772708898707922,1.4389992285514832,1.0754460763052451,1.2941172840208832,1.3434552751756386
a452055c-Audio_SP11,0.5575575032885499,1.5263477701255592,0.73831014207572,1.247165084009891,0.6122221069410453,0.6420822236380065,0.5404562788400804,0.8315778897573147,0.7505951282614753,1.4096398566205777,1.1236889776323233,0.9640710184217778,1.150715950113069,1.1419500849931925,0.6917981931615926,0.9670486302228349,0.6869036738648753,1.4251694381100177,1.5798066681195413,1.0053442416083935,0.8055704699636272,0.9381199711360163,1.506012061820677,0.7496251147074442,0.6294971934416256,0.8750005725817361,0.9550008950964802,1.5765337111045439,0.55813811216877,1.1946366033721,0.7390182263823939,0.6671239011099426,0.6169335591616824,1.1608151670594875,0.3769930687949166,0.7232020976550972,0.4865691611603017,0.5562145133203454,0.8493262301150064,1.0940713525427508,0.8336710535784929,1.328519727034225,0.6095368109411397
adad0062-Audio_SP17,0.49168123926261814,1.3510390552928668,0.7502363974995852,1.1359117563811019,0.6348479880963055,0.6953179889903776,0.5428102968919452,0.7369177765317843,0.7806469217556546,1.2198881036722553,0.9923986394275626,0.9908686489523396,1.2139622819650522,1.0889397290567402,0.8891019782681057,0.681604571006581,0.760874564417434,1.3547767202942793,1.6422582337379674,0.8461780851529455,0.6103406150890303,0.905243907470231,1.482185882518465,0.5677490927276386,0.6775120171816407,0.7456326606619545,0.7382710763590101,1.4875534687114729,0.5619287205787042,1.0605058515345942,0.7566194485305264,0.6223033322350917,0.8614867700766976,1.0703733660478525,0.5530862776953294,0.3751648781627227,0.5887876913269212,0.4631689677852998,0.7575143806740164,0.8930583854269137,0.7590387784546697,1.1911081859238957,0.581388485277488
c3533b36-Audio_SP16,0.4229423137769342,1.4655513555333948,0.6212304573581677,1.2244522983843087,0.5431909490977166,0.5739607763208535,0.48152660244874146,0.7199516685495609,0.6757379546355864,1.137368664376877,1.1822916048822794,0.9793088966136526,1.2098949744088614,1.2617374134351713,0.7822227335217407,0.8292697633182319,0.772942940391397,1.323230035895653,1.5164444395370411,1.081875252931852,0.8698333249184731,0.8427925621392091,1.4877291071783336,0.6908740502883048,0.7497605465959816,0.7155333753917128,0.8949769403698555,1.4423858366185693,0.4405317180544104,1.190362734758333,0.7735993194220515,0.6192081824820439,0.6403981606306139,1.0653494336159977,0.6204993440744182,0.7250029381989878,0.5203771794304004,0.44505768937063434,0.8039385861203228,1.0527646637966384,0.7039759295713003,1.1963033095648443,0.6749178178886787
cafd9c21-Audio_SP27,0.5005640131466426,1.3972255824906572,0.8694587443612263,1.0914265008354693,0.6888055040714777,0.5027334404216416,0.5885301254187983,0.9258755117617925,0.8932983749284698,1.1452150848418519,1.2480137134486318,0.942102136144418,1.2363136721438694,1.2960125717342037,1.0524648671376482,0.9114780971576818,0.8440772033577049,1.511163597939726,1.798734892975349,1.0265172183059754,0.9232429327498693,1.0426226988523493,1.5155805236526083,0.7326847612785619,0.8808704291808322,0.7829689450882935,1.0913980622798463,1.5356353007261494,0.5648327789029525,1.210466117166317,0.8525440197985849,0.8860456660809044,0.8521944990440492,1.2709013236634148,0.8095032031724121,0.7074204609084491,0.7806836511380617,0.29360573034094006,1.110448848177311,0.9730806154388736,0.921629600083497,1.3233003173518842,0.6379455868595305
d4c363bf-Audio_SP13,0.6629770002636515,1.6500383978347366,0.7005567655099761,1.2966256753466383,0.7925854769209982,0.9076333198368973,0.7553056939896131,0.5107896965839177,0.5506245977227732,1.0851780812998608,1.260475619515629,1.388857137952145,1.4238787456372852,1.211712004538465,0.7331500044511373,0.7321420380133833,1.0815164329892073,0.9375352648096527,1.2071070168876803,1.1453404029668774,0.9372800243636814,0.5953921448893307,1.6394454907619673,1.0103704565321865,1.0000264725356425,0.9689845391467007,0.9565895920709961,1.331687491092902,0.7995807792828422,1.2939093923994207,0.8210616354287833,0.8510232380619231,0.9801717091644259,0.6950766076858945,0.9433938136267603,0.8608713188552015,0.8996549713951141,0.8886871660224014,0.2520017379025182,1.289322145208974,0.5296053953178943,1.071644916843887,0.9824833539262527
dbeec025-Audio_SP13,0.8590335077680689,1.1623448726855656,1.0384361548872867,1.406258191236768,0.9081242701444359,0.8936372468592545,0.8291026134014311,1.1814473890798785,1.2085013612888549,1.1691658614987712,1.0138441248127958,0.7830199118084941,1.1814804045686087,1.4711324994019248,1.4160773437416498,0.7959237819516853,0.8274688889287315,1.6243596244639804,1.90499180549214,1.0827750734199997,0.7591829559527026,1.2803361408467577,1.185695591112891,0.7070153563282395,0.7740202466605415,0.7154909772369096,0.9660052067057131,1.4788734571449826,0.8058814889101029,1.1475123783832657,1.2523546750404289,0.9409960827507675,1.21795080395612,1.5059624861254588,0.9010123892201694,0.8300118115141633,0.9739427041044475,0.5690718882129996,1.2619381042083189,0.5100273747813265,1.1839323331225828,1.1909840061292631,0.9325874342962615
e90f8e4d-Audio_SP22,0.6938506249320511,1.7080292894032643,0.5671502060873822,1.1901376734414764,0.733567324232587,0.8358240263114599,0.7196894755629397,0.5184581513772262,0.5382616438253732,1.0661293552466868,1.2619122835569763,1.3301675545316256,1.317076099129928,1.2257958533467643,0.609273670377259,0.8280269032219948,1.0705854491367193,1.0532627842835347,1.2616756872171297,1.2260707734298708,1.0906650496273578,0.7057684546638742,1.6918412701469618,0.9535362044103514,0.9770051455361324,0.9154214284894415,1.169340306113301,1.3715773575588104,0.7371256182732291,1.2704743004217762,0.7915269637576918,0.8591323887690547,0.7080293717064707,0.8774877651919586,0.8515661265720733,0.9339222745282856,0.806217790305438,0.8488382652199725,0.5850249058700011,1.2834524644301082,0.4329013615146118,1.1979156560387723,0.9027839820944784
f061152e-Audio_SP12,1.1363652914558333,1.5094105581973043,1.2192860351829924,1.9022572646804268,1.277655193887855,1.3508190770430408,1.146045490857003,1.1021072785455273,1.328774763893426,0.9715233201395654,1.4072965153738295,1.5704722876437656,1.3929241939970187,1.8382642952743118,1.5325837117570593,0.9676516553785397,1.444008622684501,0.951587637643147,1.3983767444151756,1.8135242987862277,1.2895879501693335,1.0396815555511407,1.0671384054738593,1.2980800983996306,1.2650904770725442,1.1791286907664864,1.1129514155125002,1.1247738044733298,1.2005611939924052,1.6204547961537494,1.5810741457258721,1.269464829871871,1.4306066802989053,1.142876863593591,1.3539869809297864,1.4032920630439438,1.266859529468479,1.2556512342534878,1.097450812408778,1.1020186128175764,1.224157551815113,0.43176212702120875,1.4330572602523022
fcd45f4d-Audio_SP21,0.5665401344827152,1.5463138594714012,0.9103459127414927,1.1625784516223834,0.644630942138628,0.7355712102974808,0.568103772755182,0.8736184463956109,0.8523579388569736,1.44585756593358,1.266712106027351,1.052853845481689,1.279081665628347,1.0967956247596424,0.8658176980291796,1.0170155988808065,0.833538765730889,1.5098150194246178,1.7581806876500348,1.068829841514496,0.9223587521516973,0.9856951586022973,1.6427474920122824,0.8099615503310804,0.814038873033291,1.0200597009982708,1.0700737006180538,1.686230454225596,0.6322320367940093,1.1778031353305733,0.7926850042421634,0.8078546623099064,0.7162384520396268,1.188238584469212,0.6110006290157373,0.6972316548844653,0.6188280269261178,0.5622250467936163,1.0127575202847248,1.1319918566120828,0.9206605138520163,1.4276444908040624,0.45846315057554743
